observation_id,user_id,taxon_id,scientific_name,common_name,sound_id,license_code,file_url,path
97281610,5058113,9083,Cardinalis cardinalis,Northern Cardinal,313225,cc-by-nc,https://static.inaturalist.org/sounds/313225.m4a?1633466521,audio/313225.m4a
97380600,2566366,9083,Cardinalis cardinalis,Northern Cardinal,313565,cc-by-nc,https://static.inaturalist.org/sounds/313565.wav?1633551433,audio/313565.wav
97438270,2619340,9083,Cardinalis cardinalis,Northern Cardinal,313752,cc-by-nc,https://static.inaturalist.org/sounds/313752.m4a?1633610287,audio/313752.m4a
97594846,5102492,9083,Cardinalis cardinalis,Northern Cardinal,314228,cc-by-nc,https://static.inaturalist.org/sounds/314228.m4a?1633734639,audio/314228.m4a
97600649,139364,9083,Cardinalis cardinalis,Northern Cardinal,314222,cc0,https://static.inaturalist.org/sounds/314222.m4a?1633733497,audio/314222.m4a
97612394,1448882,9083,Cardinalis cardinalis,Northern Cardinal,314275,cc-by-nc,https://static.inaturalist.org/sounds/314275.mp3?1633749380,audio/314275.mp3
97612395,1448882,9083,Cardinalis cardinalis,Northern Cardinal,314276,cc-by-nc,https://static.inaturalist.org/sounds/314276.mp3?1633749381,audio/314276.mp3
97612734,1448882,9083,Cardinalis cardinalis,Northern Cardinal,314281,cc-by-nc,https://static.inaturalist.org/sounds/314281.mp3?1633749860,audio/314281.mp3
97634137,3417926,9083,Cardinalis cardinalis,Northern Cardinal,314397,cc-by-nc,https://static.inaturalist.org/sounds/314397.wav?1633781066,audio/314397.wav
97946706,4734244,9083,Cardinalis cardinalis,Northern Cardinal,315450,cc-by-nc,https://static.inaturalist.org/sounds/315450.m4a?1633990819,audio/315450.m4a
98164845,2545196,9083,Cardinalis cardinalis,Northern Cardinal,316202,cc-by,https://static.inaturalist.org/sounds/316202.wav?1634179686,audio/316202.wav
98201539,5026063,9083,Cardinalis cardinalis,Northern Cardinal,316335,cc-by-nc,https://static.inaturalist.org/sounds/316335.m4a?1634226773,audio/316335.m4a
98272471,3069962,9083,Cardinalis cardinalis,Northern Cardinal,316605,cc-by-nc,https://static.inaturalist.org/sounds/316605.m4a?1634302885,audio/316605.m4a
98432497,5036739,9083,Cardinalis cardinalis,Northern Cardinal,317198,cc-by-nc,https://static.inaturalist.org/sounds/317198.m4a?1634426070,audio/317198.m4a
98432593,5030231,9083,Cardinalis cardinalis,Northern Cardinal,317200,cc-by-nc,https://static.inaturalist.org/sounds/317200.m4a?1634426124,audio/317200.m4a
98437875,975233,9083,Cardinalis cardinalis,Northern Cardinal,317221,cc-by-nc,https://static.inaturalist.org/sounds/317221.wav?1634429741,audio/317221.wav
98546812,3675592,9083,Cardinalis cardinalis,Northern Cardinal,317626,cc-by-nc,https://static.inaturalist.org/sounds/317626.wav?1634509231,audio/317626.wav
98714017,5004284,9083,Cardinalis cardinalis,Northern Cardinal,318273,cc-by-nc,https://static.inaturalist.org/sounds/318273.m4a?1634662414,audio/318273.m4a
98745970,209231,9083,Cardinalis cardinalis,Northern Cardinal,318442,cc-by-nc,https://static.inaturalist.org/sounds/318442.m4a?1634685284,audio/318442.m4a
98793548,5025156,9083,Cardinalis cardinalis,Northern Cardinal,318644,cc-by-nc,https://static.inaturalist.org/sounds/318644.m4a?1634741120,audio/318644.m4a
98810480,3081415,9083,Cardinalis cardinalis,Northern Cardinal,318689,cc-by,https://static.inaturalist.org/sounds/318689.m4a?1634754148,audio/318689.m4a
98872796,5037269,9083,Cardinalis cardinalis,Northern Cardinal,318971,cc-by-nc,https://static.inaturalist.org/sounds/318971.m4a?1634817297,audio/318971.m4a
98872951,5037269,9083,Cardinalis cardinalis,Northern Cardinal,318972,cc-by-nc,https://static.inaturalist.org/sounds/318972.m4a?1634817446,audio/318972.m4a
98902120,3685370,9083,Cardinalis cardinalis,Northern Cardinal,319075,cc-by-nc,https://static.inaturalist.org/sounds/319075.m4a?1634840603,audio/319075.m4a
98978845,5036604,9083,Cardinalis cardinalis,Northern Cardinal,319488,cc-by-nc,https://static.inaturalist.org/sounds/319488.m4a?1634911512,audio/319488.m4a
99047077,14339,9083,Cardinalis cardinalis,Northern Cardinal,319818,cc-by,https://static.inaturalist.org/sounds/319818.wav?1634959207,audio/319818.wav
99109240,3564921,9083,Cardinalis cardinalis,Northern Cardinal,320145,cc-by-nc,https://static.inaturalist.org/sounds/320145.m4a?1635010995,audio/320145.m4a
99154260,2378648,9083,Cardinalis cardinalis,Northern Cardinal,320348,cc-by-nc,https://static.inaturalist.org/sounds/320348.wav?1635034587,audio/320348.wav
99203841,3185444,9083,Cardinalis cardinalis,Northern Cardinal,320602,cc-by-nc,https://static.inaturalist.org/sounds/320602.m4a?1635076715,audio/320602.m4a
99378321,5158628,9083,Cardinalis cardinalis,Northern Cardinal,321374,cc-by-nc,https://static.inaturalist.org/sounds/321374.m4a?1635190381,audio/321374.m4a
99459130,5025178,9083,Cardinalis cardinalis,Northern Cardinal,321678,cc-by-nc,https://static.inaturalist.org/sounds/321678.m4a?1635259208,audio/321678.m4a
99480410,5138786,9083,Cardinalis cardinalis,Northern Cardinal,321761,cc-by-nc,https://static.inaturalist.org/sounds/321761.m4a?1635275241,audio/321761.m4a
99495749,1539230,9083,Cardinalis cardinalis,Northern Cardinal,321807,cc-by-nc,https://static.inaturalist.org/sounds/321807.wav?1635292858,audio/321807.wav
99542853,3564162,9083,Cardinalis cardinalis,Northern Cardinal,321978,cc-by-nc,https://static.inaturalist.org/sounds/321978.m4a?1635343281,audio/321978.m4a
99545568,5025164,9083,Cardinalis cardinalis,Northern Cardinal,321988,cc-by-nc,https://static.inaturalist.org/sounds/321988.m4a?1635345659,audio/321988.m4a
99745564,4925104,9083,Cardinalis cardinalis,Northern Cardinal,322835,cc-by-nc,https://static.inaturalist.org/sounds/322835.m4a?1635549437,audio/322835.m4a
99750834,4629743,9083,Cardinalis cardinalis,Northern Cardinal,322860,cc-by-nc,https://static.inaturalist.org/sounds/322860.m4a?1635554362,audio/322860.m4a
99777294,1543491,9083,Cardinalis cardinalis,Northern Cardinal,323022,cc-by-nc,https://static.inaturalist.org/sounds/323022.mpga?1635592917,audio/323022.mpga
99778573,1543491,9083,Cardinalis cardinalis,Northern Cardinal,323028,cc-by-nc,https://static.inaturalist.org/sounds/323028.mpga?1635594285,audio/323028.mpga
99779052,1543491,9083,Cardinalis cardinalis,Northern Cardinal,323038,cc-by-nc,https://static.inaturalist.org/sounds/323038.mpga?1635595074,audio/323038.mpga
99790117,1543491,9083,Cardinalis cardinalis,Northern Cardinal,323086,cc-by-nc,https://static.inaturalist.org/sounds/323086.mpga?1635605608,audio/323086.mpga
100031824,2542595,9083,Cardinalis cardinalis,Northern Cardinal,324138,cc-by-nc,https://static.inaturalist.org/sounds/324138.m4a?1635817496,audio/324138.m4a
100137561,5008378,9083,Cardinalis cardinalis,Northern Cardinal,324625,cc-by-nc,https://static.inaturalist.org/sounds/324625.wav?1635938607,audio/324625.wav
100179443,4751609,9083,Cardinalis cardinalis,Northern Cardinal,324782,cc-by-nc,https://static.inaturalist.org/sounds/324782.wav?1635974279,audio/324782.wav
100204877,2617075,9083,Cardinalis cardinalis,Northern Cardinal,324963,cc-by-nc,https://static.inaturalist.org/sounds/324963.mp3?1635997313,audio/324963.mp3
100249781,5058109,9083,Cardinalis cardinalis,Northern Cardinal,325222,cc-by-nc,https://static.inaturalist.org/sounds/325222.m4a?1636049474,audio/325222.m4a
100312567,5029625,9083,Cardinalis cardinalis,Northern Cardinal,325557,cc-by-nc,https://static.inaturalist.org/sounds/325557.m4a?1636118357,audio/325557.m4a
100687106,4993250,9083,Cardinalis cardinalis,Northern Cardinal,327413,cc-by-nc,https://static.inaturalist.org/sounds/327413.m4a?1636471212,audio/327413.m4a
100929757,1432677,9083,Cardinalis cardinalis,Northern Cardinal,328752,cc-by-nc,https://static.inaturalist.org/sounds/328752.wav?1636728520,audio/328752.wav
100956510,4995618,9083,Cardinalis cardinalis,Northern Cardinal,328878,cc-by-nc,https://static.inaturalist.org/sounds/328878.m4a?1636753803,audio/328878.m4a
101232917,1513074,9083,Cardinalis cardinalis,Northern Cardinal,329831,cc-by,https://static.inaturalist.org/sounds/329831.wav?1637024397,audio/329831.wav
101381872,482629,9083,Cardinalis cardinalis,Northern Cardinal,330366,cc0,https://static.inaturalist.org/sounds/330366.m4a?1637212738,audio/330366.m4a
101531899,443220,9083,Cardinalis cardinalis,Northern Cardinal,330936,cc-by-nc,https://static.inaturalist.org/sounds/330936.m4a?1637418062,audio/330936.m4a
101551945,2785440,9083,Cardinalis cardinalis,Northern Cardinal,331005,cc-by-nc,https://static.inaturalist.org/sounds/331005.wav?1637434777,audio/331005.wav
101625564,741872,9083,Cardinalis cardinalis,Northern Cardinal,331307,cc-by-nc,https://static.inaturalist.org/sounds/331307.m4a?1637507757,audio/331307.m4a
101727794,3257358,9083,Cardinalis cardinalis,Northern Cardinal,331627,cc-by-nc,https://static.inaturalist.org/sounds/331627.wav?1637619270,audio/331627.wav
101889270,427918,9083,Cardinalis cardinalis,Northern Cardinal,332369,cc-by,https://static.inaturalist.org/sounds/332369.m4a?1637857300,audio/332369.m4a
101953530,1513074,9083,Cardinalis cardinalis,Northern Cardinal,336748,cc-by,https://static.inaturalist.org/sounds/336748.wav?1639259666,audio/336748.wav
102315806,4915694,9083,Cardinalis cardinalis,Northern Cardinal,334652,cc-by-nc,https://static.inaturalist.org/sounds/334652.m4a?1638390454,audio/334652.m4a
102327979,2928437,9083,Cardinalis cardinalis,Northern Cardinal,334699,cc-by-nc,https://static.inaturalist.org/sounds/334699.m4a?1638403983,audio/334699.m4a
102696346,171529,9083,Cardinalis cardinalis,Northern Cardinal,336027,cc-by-nc,https://static.inaturalist.org/sounds/336027.wav?1638934159,audio/336027.wav
102873000,4322475,9083,Cardinalis cardinalis,Northern Cardinal,336639,cc-by-nc,https://static.inaturalist.org/sounds/336639.m4a?1639237661,audio/336639.m4a
102873009,4322475,9083,Cardinalis cardinalis,Northern Cardinal,336642,cc-by-nc,https://static.inaturalist.org/sounds/336642.m4a?1639237679,audio/336642.m4a
102958238,1513074,9083,Cardinalis cardinalis,Northern Cardinal,337083,cc-by,https://static.inaturalist.org/sounds/337083.wav?1639349369,audio/337083.wav
103161044,4638237,9083,Cardinalis cardinalis,Northern Cardinal,338012,cc-by-nc,https://static.inaturalist.org/sounds/338012.m4a?1639686023,audio/338012.m4a
103316273,5265755,9083,Cardinalis cardinalis,Northern Cardinal,346642,cc-by-nc,https://static.inaturalist.org/sounds/346642.m4a?1642262944,audio/346642.m4a
103415824,4574904,9083,Cardinalis cardinalis,Northern Cardinal,339247,cc-by-nc,https://static.inaturalist.org/sounds/339247.m4a?1640095127,audio/339247.m4a
103415857,4574904,9083,Cardinalis cardinalis,Northern Cardinal,339249,cc-by-nc,https://static.inaturalist.org/sounds/339249.m4a?1640095174,audio/339249.m4a
103529877,970009,9083,Cardinalis cardinalis,Northern Cardinal,339734,cc-by,https://static.inaturalist.org/sounds/339734.m4a?1640275485,audio/339734.m4a
103687013,4672512,9083,Cardinalis cardinalis,Northern Cardinal,340529,cc-by-nc,https://static.inaturalist.org/sounds/340529.wav?1640528407,audio/340529.wav
103753708,4120289,9083,Cardinalis cardinalis,Northern Cardinal,341647,cc-by-nc,https://static.inaturalist.org/sounds/341647.m4a?1640884504,audio/341647.m4a
103822675,4368073,9083,Cardinalis cardinalis,Northern Cardinal,341105,cc-by-nc,https://static.inaturalist.org/sounds/341105.m4a?1640704330,audio/341105.m4a
104032671,1849425,9083,Cardinalis cardinalis,Northern Cardinal,341886,cc-by-nc,https://static.inaturalist.org/sounds/341886.wav?1640963472,audio/341886.wav
104038277,563128,9083,Cardinalis cardinalis,Northern Cardinal,341924,cc-by,https://static.inaturalist.org/sounds/341924.mp3?1640968947,audio/341924.mp3
104057701,1501126,9083,Cardinalis cardinalis,Northern Cardinal,341994,cc-by-nc,https://static.inaturalist.org/sounds/341994.wav?1640985636,audio/341994.wav
104114734,2750358,9083,Cardinalis cardinalis,Northern Cardinal,342300,cc-by-nc,https://static.inaturalist.org/sounds/342300.m4a?1641063507,audio/342300.m4a
104121543,4278631,9083,Cardinalis cardinalis,Northern Cardinal,342303,cc-by-nc,https://static.inaturalist.org/sounds/342303.m4a?1641064140,audio/342303.m4a
104152968,1110667,9083,Cardinalis cardinalis,Northern Cardinal,342449,cc-by-nc-sa,https://static.inaturalist.org/sounds/342449.wav?1641091098,audio/342449.wav
104410514,1924445,9083,Cardinalis cardinalis,Northern Cardinal,343453,cc0,https://static.inaturalist.org/sounds/343453.m4a?1641397928,audio/343453.m4a
104431447,3564162,9083,Cardinalis cardinalis,Northern Cardinal,343638,cc-by-nc,https://static.inaturalist.org/sounds/343638.m4a?1641424373,audio/343638.m4a
104431451,3564162,9083,Cardinalis cardinalis,Northern Cardinal,343639,cc-by-nc,https://static.inaturalist.org/sounds/343639.m4a?1641424378,audio/343639.m4a
104437280,2545196,9083,Cardinalis cardinalis,Northern Cardinal,343668,cc-by,https://static.inaturalist.org/sounds/343668.wav?1641431353,audio/343668.wav
104465461,563128,9083,Cardinalis cardinalis,Northern Cardinal,343755,cc-by,https://static.inaturalist.org/sounds/343755.mp3?1641480802,audio/343755.mp3
104500181,1913736,9083,Cardinalis cardinalis,Northern Cardinal,343982,cc-by,https://static.inaturalist.org/sounds/343982.wav?1641526315,audio/343982.wav
104521127,131068,9083,Cardinalis cardinalis,Northern Cardinal,344156,cc-by-nc,https://static.inaturalist.org/sounds/344156.wav?1641567911,audio/344156.wav
104578220,1501126,9083,Cardinalis cardinalis,Northern Cardinal,344466,cc-by-nc,https://static.inaturalist.org/sounds/344466.wav?1641654030,audio/344466.wav
104607862,3564162,9083,Cardinalis cardinalis,Northern Cardinal,344595,cc-by-nc,https://static.inaturalist.org/sounds/344595.m4a?1641685760,audio/344595.m4a
104608243,3564162,9083,Cardinalis cardinalis,Northern Cardinal,344604,cc-by-nc,https://static.inaturalist.org/sounds/344604.m4a?1641686120,audio/344604.m4a
104646700,4921782,9083,Cardinalis cardinalis,Northern Cardinal,344882,cc-by-nc,https://static.inaturalist.org/sounds/344882.wav?1641743586,audio/344882.wav
104649312,4014802,9083,Cardinalis cardinalis,Northern Cardinal,344901,cc0,https://static.inaturalist.org/sounds/344901.wav?1641746644,audio/344901.wav
104649779,4014802,9083,Cardinalis cardinalis,Northern Cardinal,344907,cc0,https://static.inaturalist.org/sounds/344907.wav?1641747116,audio/344907.wav
104771405,970009,9083,Cardinalis cardinalis,Northern Cardinal,345547,cc-by,https://static.inaturalist.org/sounds/345547.m4a?1641926610,audio/345547.m4a
104849928,5294175,9083,Cardinalis cardinalis,Northern Cardinal,345890,cc-by-nc,https://static.inaturalist.org/sounds/345890.m4a?1642048122,audio/345890.m4a
104919979,3257417,9083,Cardinalis cardinalis,Northern Cardinal,346387,cc-by-nc,https://static.inaturalist.org/sounds/346387.wav?1642175633,audio/346387.wav
104996158,1783503,9083,Cardinalis cardinalis,Northern Cardinal,346719,cc-by,https://static.inaturalist.org/sounds/346719.m4a?1642285260,audio/346719.m4a
105156046,312809,9083,Cardinalis cardinalis,Northern Cardinal,347434,cc-by-nc,https://static.inaturalist.org/sounds/347434.m4a?1642515992,audio/347434.m4a
105194529,3564162,9083,Cardinalis cardinalis,Northern Cardinal,347621,cc-by-nc,https://static.inaturalist.org/sounds/347621.m4a?1642567675,audio/347621.m4a
105197108,2617075,9083,Cardinalis cardinalis,Northern Cardinal,347637,cc-by-nc,https://static.inaturalist.org/sounds/347637.mp3?1642571837,audio/347637.mp3
105244519,1319887,9083,Cardinalis cardinalis,Northern Cardinal,347866,cc-by-nc,https://static.inaturalist.org/sounds/347866.wav?1642648424,audio/347866.wav
105363384,2340900,9083,Cardinalis cardinalis,Northern Cardinal,348554,cc-by,https://static.inaturalist.org/sounds/348554.m4a?1642862308,audio/348554.m4a
105399941,3257417,9083,Cardinalis cardinalis,Northern Cardinal,348687,cc-by-nc,https://static.inaturalist.org/sounds/348687.wav?1642897610,audio/348687.wav
105439428,5304825,9083,Cardinalis cardinalis,Northern Cardinal,348895,cc-by-nc,https://static.inaturalist.org/sounds/348895.m4a?1642957442,audio/348895.m4a
105448159,4014802,9083,Cardinalis cardinalis,Northern Cardinal,348955,cc0,https://static.inaturalist.org/sounds/348955.wav?1642966469,audio/348955.wav
105463062,4014802,9083,Cardinalis cardinalis,Northern Cardinal,349036,cc0,https://static.inaturalist.org/sounds/349036.wav?1642979337,audio/349036.wav
105504371,735976,9083,Cardinalis cardinalis,Northern Cardinal,349293,cc-by-nc,https://static.inaturalist.org/sounds/349293.m4a?1643041236,audio/349293.m4a
105506069,395216,9083,Cardinalis cardinalis,Northern Cardinal,349312,cc-by-nc,https://static.inaturalist.org/sounds/349312.wav?1643043416,audio/349312.wav
105564213,2040051,9083,Cardinalis cardinalis,Northern Cardinal,349894,cc-by-nc,https://static.inaturalist.org/sounds/349894.wav?1643133731,audio/349894.wav
105567630,563128,9083,Cardinalis cardinalis,Northern Cardinal,349922,cc-by,https://static.inaturalist.org/sounds/349922.mp3?1643138240,audio/349922.mp3
105573425,1501126,9083,Cardinalis cardinalis,Northern Cardinal,350034,cc-by-nc,https://static.inaturalist.org/sounds/350034.wav?1643144842,audio/350034.wav
105628737,5327443,9083,Cardinalis cardinalis,Northern Cardinal,350623,cc-by-nc,https://static.inaturalist.org/sounds/350623.m4a?1643228925,audio/350623.m4a
105713506,851223,9083,Cardinalis cardinalis,Northern Cardinal,351118,cc0,https://static.inaturalist.org/sounds/351118.wav?1643376798,audio/351118.wav
105713810,851223,9083,Cardinalis cardinalis,Northern Cardinal,351119,cc0,https://static.inaturalist.org/sounds/351119.wav?1643377275,audio/351119.wav
105767935,3564162,9083,Cardinalis cardinalis,Northern Cardinal,351368,cc-by-nc,https://static.inaturalist.org/sounds/351368.m4a?1643461990,audio/351368.m4a
105855121,496112,9083,Cardinalis cardinalis,Northern Cardinal,351788,cc0,https://static.inaturalist.org/sounds/351788.m4a?1643571408,audio/351788.m4a
105909567,9570,9083,Cardinalis cardinalis,Northern Cardinal,352145,cc-by,https://static.inaturalist.org/sounds/352145.mp3?1643642943,audio/352145.mp3
105912469,298979,9083,Cardinalis cardinalis,Northern Cardinal,352174,cc-by-nc,https://static.inaturalist.org/sounds/352174.wav?1643647418,audio/352174.wav
105913300,1319887,9083,Cardinalis cardinalis,Northern Cardinal,352176,cc-by-nc,https://static.inaturalist.org/sounds/352176.wav?1643648211,audio/352176.wav
105925514,2350853,9083,Cardinalis cardinalis,Northern Cardinal,352254,cc0,https://static.inaturalist.org/sounds/352254.m4a?1643662133,audio/352254.m4a
105931996,2888544,9083,Cardinalis cardinalis,Northern Cardinal,352342,cc-by-nc,https://static.inaturalist.org/sounds/352342.m4a?1643673877,audio/352342.m4a
105934215,5314311,9083,Cardinalis cardinalis,Northern Cardinal,352325,cc-by-nc,https://static.inaturalist.org/sounds/352325.m4a?1643671888,audio/352325.m4a
105965570,386843,9083,Cardinalis cardinalis,Northern Cardinal,352529,cc-by-nc,https://static.inaturalist.org/sounds/352529.wav?1643727785,audio/352529.wav
105971531,563128,9083,Cardinalis cardinalis,Northern Cardinal,352555,cc-by,https://static.inaturalist.org/sounds/352555.mp3?1643736496,audio/352555.mp3
105989686,5310775,9083,Cardinalis cardinalis,Northern Cardinal,352650,cc-by-nc,https://static.inaturalist.org/sounds/352650.wav?1643757161,audio/352650.wav
106014541,4818703,9083,Cardinalis cardinalis,Northern Cardinal,352768,cc-by-nc,https://static.inaturalist.org/sounds/352768.m4a?1643803247,audio/352768.m4a
106016884,800658,9083,Cardinalis cardinalis,Northern Cardinal,352788,cc-by-nc,https://static.inaturalist.org/sounds/352788.wav?1643807902,audio/352788.wav
106027421,4120289,9083,Cardinalis cardinalis,Northern Cardinal,352879,cc-by-nc,https://static.inaturalist.org/sounds/352879.m4a?1643823910,audio/352879.m4a
106041312,157371,9083,Cardinalis cardinalis,Northern Cardinal,352940,cc-by-nc,https://static.inaturalist.org/sounds/352940.m4a?1643841292,audio/352940.m4a
106171359,199546,9083,Cardinalis cardinalis,Northern Cardinal,353787,cc-by-nc,https://static.inaturalist.org/sounds/353787.m4a?1644068320,audio/353787.m4a
106172587,199546,9083,Cardinalis cardinalis,Northern Cardinal,353794,cc-by-nc,https://static.inaturalist.org/sounds/353794.m4a?1644070338,audio/353794.m4a
106198592,2617075,9083,Cardinalis cardinalis,Northern Cardinal,353950,cc-by-nc,https://static.inaturalist.org/sounds/353950.mp3?1644097821,audio/353950.mp3
106203343,4014802,9083,Cardinalis cardinalis,Northern Cardinal,353968,cc0,https://static.inaturalist.org/sounds/353968.wav?1644101738,audio/353968.wav
106236935,851223,9083,Cardinalis cardinalis,Northern Cardinal,354242,cc0,https://static.inaturalist.org/sounds/354242.wav?1644149920,audio/354242.wav
106236939,17564,9083,Cardinalis cardinalis,Northern Cardinal,354238,cc-by-nc,https://static.inaturalist.org/sounds/354238.wav?1644149359,audio/354238.wav
106246784,312809,9083,Cardinalis cardinalis,Northern Cardinal,354341,cc-by-nc,https://static.inaturalist.org/sounds/354341.m4a?1644162258,audio/354341.m4a
106249841,5017463,9083,Cardinalis cardinalis,Northern Cardinal,354368,cc-by-nc,https://static.inaturalist.org/sounds/354368.m4a?1644165628,audio/354368.m4a
106259814,199546,9083,Cardinalis cardinalis,Northern Cardinal,354430,cc-by-nc,https://static.inaturalist.org/sounds/354430.m4a?1644175341,audio/354430.m4a
106341682,5316197,9083,Cardinalis cardinalis,Northern Cardinal,354814,cc-by-nc,https://static.inaturalist.org/sounds/354814.m4a?1644273598,audio/354814.m4a
106370893,1501126,9083,Cardinalis cardinalis,Northern Cardinal,354926,cc-by-nc,https://static.inaturalist.org/sounds/354926.wav?1644318237,audio/354926.wav
106384551,312809,9083,Cardinalis cardinalis,Northern Cardinal,355070,cc-by-nc,https://static.inaturalist.org/sounds/355070.m4a?1644339723,audio/355070.m4a
106388800,1630237,9083,Cardinalis cardinalis,Northern Cardinal,355104,cc-by-nc,https://static.inaturalist.org/sounds/355104.wav?1644344848,audio/355104.wav
106461913,978677,9083,Cardinalis cardinalis,Northern Cardinal,355497,cc-by-nc-sa,https://static.inaturalist.org/sounds/355497.m4a?1644449114,audio/355497.m4a
106462128,164735,9083,Cardinalis cardinalis,Northern Cardinal,355498,cc-by-nc,https://static.inaturalist.org/sounds/355498.wav?1644449378,audio/355498.wav
106493582,4695735,9083,Cardinalis cardinalis,Northern Cardinal,355686,cc-by-nc,https://static.inaturalist.org/sounds/355686.m4a?1644503330,audio/355686.m4a
106511159,4014802,9083,Cardinalis cardinalis,Northern Cardinal,355819,cc0,https://static.inaturalist.org/sounds/355819.wav?1644526429,audio/355819.wav
106513923,5297455,9083,Cardinalis cardinalis,Northern Cardinal,355828,cc-by-nc,https://static.inaturalist.org/sounds/355828.m4a?1644529153,audio/355828.m4a
106551747,922104,9083,Cardinalis cardinalis,Northern Cardinal,356038,cc0,https://static.inaturalist.org/sounds/356038.m4a?1644591792,audio/356038.m4a
106588879,3564162,9083,Cardinalis cardinalis,Northern Cardinal,356275,cc-by-nc,https://static.inaturalist.org/sounds/356275.m4a?1644641627,audio/356275.m4a
106602983,17564,9083,Cardinalis cardinalis,Northern Cardinal,356336,cc-by-nc,https://static.inaturalist.org/sounds/356336.wav?1644668292,audio/356336.wav
106644652,171529,9083,Cardinalis cardinalis,Northern Cardinal,356662,cc-by-nc,https://static.inaturalist.org/sounds/356662.wav?1644714032,audio/356662.wav
106682403,1432677,9083,Cardinalis cardinalis,Northern Cardinal,356939,cc-by-nc,https://static.inaturalist.org/sounds/356939.wav?1644768323,audio/356939.wav
106695830,426782,9083,Cardinalis cardinalis,Northern Cardinal,357053,cc-by-nc,https://static.inaturalist.org/sounds/357053.wav?1644781243,audio/357053.wav
106701367,5339304,9083,Cardinalis cardinalis,Northern Cardinal,357104,cc-by-nc,https://static.inaturalist.org/sounds/357104.mp3?1644786010,audio/357104.mp3
106710087,851223,9083,Cardinalis cardinalis,Northern Cardinal,357170,cc0,https://static.inaturalist.org/sounds/357170.wav?1644794026,audio/357170.wav
106711056,1693180,9083,Cardinalis cardinalis,Northern Cardinal,357179,cc-by-nc,https://static.inaturalist.org/sounds/357179.m4a?1644795033,audio/357179.m4a
106727402,1867224,9083,Cardinalis cardinalis,Northern Cardinal,357229,cc-by-nc,https://static.inaturalist.org/sounds/357229.mp3?1644814169,audio/357229.mp3
106742597,2853703,9083,Cardinalis cardinalis,Northern Cardinal,357309,cc-by-nc,https://static.inaturalist.org/sounds/357309.wav?1644846836,audio/357309.wav
106791999,3564162,9083,Cardinalis cardinalis,Northern Cardinal,357576,cc-by-nc,https://static.inaturalist.org/sounds/357576.m4a?1644924584,audio/357576.m4a
106807268,157371,9083,Cardinalis cardinalis,Northern Cardinal,357674,cc-by-nc,https://static.inaturalist.org/sounds/357674.m4a?1644947199,audio/357674.m4a
106810212,3550912,9083,Cardinalis cardinalis,Northern Cardinal,357707,cc-by-nc,https://static.inaturalist.org/sounds/357707.m4a?1644950616,audio/357707.m4a
106811273,5347779,9083,Cardinalis cardinalis,Northern Cardinal,357713,cc-by-nc,https://static.inaturalist.org/sounds/357713.m4a?1644952033,audio/357713.m4a
106812246,1867527,9083,Cardinalis cardinalis,Northern Cardinal,357722,cc-by-nc,https://static.inaturalist.org/sounds/357722.m4a?1644953334,audio/357722.m4a
106814848,5297455,9083,Cardinalis cardinalis,Northern Cardinal,357735,cc-by-nc,https://static.inaturalist.org/sounds/357735.m4a?1644956402,audio/357735.m4a
106825435,5364567,9083,Cardinalis cardinalis,Northern Cardinal,357790,cc-by-nc,https://static.inaturalist.org/sounds/357790.m4a?1644967386,audio/357790.m4a
106856054,157371,9083,Cardinalis cardinalis,Northern Cardinal,357946,cc-by-nc,https://static.inaturalist.org/sounds/357946.m4a?1645018984,audio/357946.m4a
106892732,3563772,9083,Cardinalis cardinalis,Northern Cardinal,358190,cc-by-nc,https://static.inaturalist.org/sounds/358190.wav?1645062829,audio/358190.wav
106928116,597353,9083,Cardinalis cardinalis,Northern Cardinal,358389,cc-by-nc,https://static.inaturalist.org/sounds/358389.m4a?1645121955,audio/358389.m4a
106949980,572980,9083,Cardinalis cardinalis,Northern Cardinal,358511,cc-by,https://static.inaturalist.org/sounds/358511.m4a?1645146177,audio/358511.m4a
106970116,2871991,9083,Cardinalis cardinalis,Northern Cardinal,358664,cc-by-nc,https://static.inaturalist.org/sounds/358664.m4a?1645189473,audio/358664.m4a
106993255,5368422,9083,Cardinalis cardinalis,Northern Cardinal,358833,cc-by-nc,https://static.inaturalist.org/sounds/358833.m4a?1645217581,audio/358833.m4a
106997085,199546,9083,Cardinalis cardinalis,Northern Cardinal,358846,cc-by-nc,https://static.inaturalist.org/sounds/358846.m4a?1645221727,audio/358846.m4a
107039583,1409076,9083,Cardinalis cardinalis,Northern Cardinal,359052,cc-by-nc,https://static.inaturalist.org/sounds/359052.mp3?1645284327,audio/359052.mp3
107041346,2175373,9083,Cardinalis cardinalis,Northern Cardinal,359070,cc-by,https://static.inaturalist.org/sounds/359070.m4a?1645286020,audio/359070.m4a
107043407,3583839,9083,Cardinalis cardinalis,Northern Cardinal,359081,cc-by-nc,https://static.inaturalist.org/sounds/359081.mp3?1645288000,audio/359081.mp3
107051786,1849425,9083,Cardinalis cardinalis,Northern Cardinal,359117,cc-by-nc,https://static.inaturalist.org/sounds/359117.wav?1645296369,audio/359117.wav
107052449,1849425,9083,Cardinalis cardinalis,Northern Cardinal,359131,cc-by-nc,https://static.inaturalist.org/sounds/359131.wav?1645296997,audio/359131.wav
107073801,93120,9083,Cardinalis cardinalis,Northern Cardinal,359268,cc-by,https://static.inaturalist.org/sounds/359268.wav?1645322986,audio/359268.wav
107125410,4558677,9083,Cardinalis cardinalis,Northern Cardinal,359646,cc-by-nc,https://static.inaturalist.org/sounds/359646.wav?1645383354,audio/359646.wav
107127722,3154933,9083,Cardinalis cardinalis,Northern Cardinal,359786,cc-by-nc,https://static.inaturalist.org/sounds/359786.m4a?1645401438,audio/359786.m4a
107153072,1319887,9083,Cardinalis cardinalis,Northern Cardinal,359819,cc-by-nc,https://static.inaturalist.org/sounds/359819.wav?1645406919,audio/359819.wav
107180920,761871,9083,Cardinalis cardinalis,Northern Cardinal,359956,cc-by-nc,https://static.inaturalist.org/sounds/359956.wav?1645451893,audio/359956.wav
107195392,5326437,9083,Cardinalis cardinalis,Northern Cardinal,360104,cc-by-nc,https://static.inaturalist.org/sounds/360104.m4a?1645467729,audio/360104.m4a
107208939,1849425,9083,Cardinalis cardinalis,Northern Cardinal,360242,cc-by-nc,https://static.inaturalist.org/sounds/360242.wav?1645480095,audio/360242.wav
107215416,5321950,9083,Cardinalis cardinalis,Northern Cardinal,360275,cc-by-nc,https://static.inaturalist.org/sounds/360275.mp3?1645485656,audio/360275.mp3
107246531,4299351,9083,Cardinalis cardinalis,Northern Cardinal,360475,cc-by-nc,https://static.inaturalist.org/sounds/360475.mp3?1645528792,audio/360475.mp3
107256686,1686580,9083,Cardinalis cardinalis,Northern Cardinal,360578,cc-by-nc,https://static.inaturalist.org/sounds/360578.wav?1645545023,audio/360578.wav
107334629,1817300,9083,Cardinalis cardinalis,Northern Cardinal,361081,cc-by-nc,https://static.inaturalist.org/sounds/361081.m4a?1645649413,audio/361081.m4a
107338335,5324606,9083,Cardinalis cardinalis,Northern Cardinal,361097,cc-by-nc,https://static.inaturalist.org/sounds/361097.m4a?1645653340,audio/361097.m4a
107400443,4014802,9083,Cardinalis cardinalis,Northern Cardinal,361486,cc0,https://static.inaturalist.org/sounds/361486.mp3?1645749846,audio/361486.mp3
107418230,1476558,9083,Cardinalis cardinalis,Northern Cardinal,361682,cc-by-nc,https://static.inaturalist.org/sounds/361682.m4a?1645805799,audio/361682.m4a
107420042,4464130,9083,Cardinalis cardinalis,Northern Cardinal,361679,cc-by-nc,https://static.inaturalist.org/sounds/361679.m4a?1645805671,audio/361679.m4a
107428977,336491,9083,Cardinalis cardinalis,Northern Cardinal,361760,cc-by,https://static.inaturalist.org/sounds/361760.m4a?1645814758,audio/361760.m4a
107436004,2494062,9083,Cardinalis cardinalis,Northern Cardinal,361825,cc-by-nc,https://static.inaturalist.org/sounds/361825.m4a?1645822765,audio/361825.m4a
107470956,3816198,9083,Cardinalis cardinalis,Northern Cardinal,361999,cc-by-nc-sa,https://static.inaturalist.org/sounds/361999.m4a?1645876016,audio/361999.m4a
107471286,157371,9083,Cardinalis cardinalis,Northern Cardinal,362004,cc-by-nc,https://static.inaturalist.org/sounds/362004.m4a?1645876711,audio/362004.m4a
107481565,1719552,9083,Cardinalis cardinalis,Northern Cardinal,362082,cc-by,https://static.inaturalist.org/sounds/362082.m4a?1645889621,audio/362082.m4a
107484903,1712681,9083,Cardinalis cardinalis,Northern Cardinal,362115,cc-by-nc,https://static.inaturalist.org/sounds/362115.m4a?1645893151,audio/362115.m4a
107513678,93120,9083,Cardinalis cardinalis,Northern Cardinal,362504,cc-by,https://static.inaturalist.org/sounds/362504.wav?1645924737,audio/362504.wav
107521953,572980,9083,Cardinalis cardinalis,Northern Cardinal,362510,cc-by,https://static.inaturalist.org/sounds/362510.m4a?1645925323,audio/362510.m4a
107521960,572980,9083,Cardinalis cardinalis,Northern Cardinal,362511,cc-by,https://static.inaturalist.org/sounds/362511.m4a?1645925344,audio/362511.m4a
107534353,4014802,9083,Cardinalis cardinalis,Northern Cardinal,362583,cc0,https://static.inaturalist.org/sounds/362583.mp3?1645939673,audio/362583.mp3
107567870,336491,9083,Cardinalis cardinalis,Northern Cardinal,362815,cc-by,https://static.inaturalist.org/sounds/362815.m4a?1645982694,audio/362815.m4a
107569360,5380896,9083,Cardinalis cardinalis,Northern Cardinal,362835,cc-by-nc,https://static.inaturalist.org/sounds/362835.m4a?1645984023,audio/362835.m4a
107569857,1409076,9083,Cardinalis cardinalis,Northern Cardinal,362844,cc-by-nc,https://static.inaturalist.org/sounds/362844.mp3?1645984379,audio/362844.mp3
107580039,164735,9083,Cardinalis cardinalis,Northern Cardinal,362927,cc-by-nc,https://static.inaturalist.org/sounds/362927.wav?1645991868,audio/362927.wav
107589061,1592786,9083,Cardinalis cardinalis,Northern Cardinal,363016,cc-by-nc,https://static.inaturalist.org/sounds/363016.m4a?1645999137,audio/363016.m4a
107635097,3417926,9083,Cardinalis cardinalis,Northern Cardinal,363306,cc-by-nc,https://static.inaturalist.org/sounds/363306.wav?1646058049,audio/363306.wav
107636334,5310353,9083,Cardinalis cardinalis,Northern Cardinal,363320,cc-by-nc,https://static.inaturalist.org/sounds/363320.m4a?1646059883,audio/363320.m4a
107638530,1867527,9083,Cardinalis cardinalis,Northern Cardinal,363340,cc-by-nc,https://static.inaturalist.org/sounds/363340.m4a?1646062393,audio/363340.m4a
107641881,5145132,9083,Cardinalis cardinalis,Northern Cardinal,363353,cc-by-nc,https://static.inaturalist.org/sounds/363353.m4a?1646066572,audio/363353.m4a
107653912,4120289,9083,Cardinalis cardinalis,Northern Cardinal,363446,cc-by-nc,https://static.inaturalist.org/sounds/363446.m4a?1646079770,audio/363446.m4a
107657115,780605,9083,Cardinalis cardinalis,Northern Cardinal,363463,cc-by-nc,https://static.inaturalist.org/sounds/363463.m4a?1646082874,audio/363463.m4a
107664448,408618,9083,Cardinalis cardinalis,Northern Cardinal,363545,cc-by-nc,https://static.inaturalist.org/sounds/363545.m4a?1646090579,audio/363545.m4a
107695264,106768,9083,Cardinalis cardinalis,Northern Cardinal,363761,cc-by-nc,https://static.inaturalist.org/sounds/363761.m4a?1646138715,audio/363761.m4a
107699212,735976,9083,Cardinalis cardinalis,Northern Cardinal,363793,cc-by-nc,https://static.inaturalist.org/sounds/363793.m4a?1646145527,audio/363793.m4a
107709195,4668241,9083,Cardinalis cardinalis,Northern Cardinal,363880,cc-by-nc,https://static.inaturalist.org/sounds/363880.m4a?1646157157,audio/363880.m4a
107741831,1791402,9083,Cardinalis cardinalis,Northern Cardinal,364116,cc0,https://static.inaturalist.org/sounds/364116.m4a?1646190063,audio/364116.m4a
107757808,584526,9083,Cardinalis cardinalis,Northern Cardinal,364195,cc-by-nc,https://static.inaturalist.org/sounds/364195.mp3?1646224337,audio/364195.mp3
107760749,20821,9083,Cardinalis cardinalis,Northern Cardinal,364231,cc-by-nc,https://static.inaturalist.org/sounds/364231.wav?1646229831,audio/364231.wav
107762848,157371,9083,Cardinalis cardinalis,Northern Cardinal,364261,cc-by-nc,https://static.inaturalist.org/sounds/364261.m4a?1646232756,audio/364261.m4a
107764236,1432677,9083,Cardinalis cardinalis,Northern Cardinal,364271,cc-by-nc,https://static.inaturalist.org/sounds/364271.wav?1646234507,audio/364271.wav
107772793,147487,9083,Cardinalis cardinalis,Northern Cardinal,364346,cc-by-nc,https://static.inaturalist.org/sounds/364346.m4a?1646243619,audio/364346.m4a
107773305,461858,9083,Cardinalis cardinalis,Northern Cardinal,364352,cc-by-nc,https://static.inaturalist.org/sounds/364352.m4a?1646244016,audio/364352.m4a
107776863,4047585,9083,Cardinalis cardinalis,Northern Cardinal,364402,cc-by-nc,https://static.inaturalist.org/sounds/364402.wav?1646247437,audio/364402.wav
107784729,3630625,9083,Cardinalis cardinalis,Northern Cardinal,364444,cc-by-nc,https://static.inaturalist.org/sounds/364444.m4a?1646256135,audio/364444.m4a
107786688,312809,9083,Cardinalis cardinalis,Northern Cardinal,364462,cc-by-nc,https://static.inaturalist.org/sounds/364462.m4a?1646258251,audio/364462.m4a
107788323,5330033,9083,Cardinalis cardinalis,Northern Cardinal,364473,cc-by-nc,https://static.inaturalist.org/sounds/364473.m4a?1646259803,audio/364473.m4a
107790082,164735,9083,Cardinalis cardinalis,Northern Cardinal,364494,cc-by-nc,https://static.inaturalist.org/sounds/364494.wav?1646261532,audio/364494.wav
107797454,3447449,9083,Cardinalis cardinalis,Northern Cardinal,364539,cc-by-nc,https://static.inaturalist.org/sounds/364539.mp3?1646269559,audio/364539.mp3
107798236,3447449,9083,Cardinalis cardinalis,Northern Cardinal,364549,cc-by-nc,https://static.inaturalist.org/sounds/364549.mp3?1646270566,audio/364549.mp3
107801385,5217411,9083,Cardinalis cardinalis,Northern Cardinal,364576,cc-by-nc,https://static.inaturalist.org/sounds/364576.m4a?1646274609,audio/364576.m4a
107802226,3564162,9083,Cardinalis cardinalis,Northern Cardinal,364584,cc-by-nc,https://static.inaturalist.org/sounds/364584.m4a?1646275542,audio/364584.m4a
107818626,5107908,9083,Cardinalis cardinalis,Northern Cardinal,364678,cc-by-nc,https://static.inaturalist.org/sounds/364678.m4a?1646310756,audio/364678.m4a
107822197,4124763,9083,Cardinalis cardinalis,Northern Cardinal,364733,cc-by-nc,https://static.inaturalist.org/sounds/364733.wav?1646316119,audio/364733.wav
107823549,4849431,9083,Cardinalis cardinalis,Northern Cardinal,364743,cc-by-nc,https://static.inaturalist.org/sounds/364743.m4a?1646318124,audio/364743.m4a
107823579,4849431,9083,Cardinalis cardinalis,Northern Cardinal,364744,cc-by-nc,https://static.inaturalist.org/sounds/364744.m4a?1646318181,audio/364744.m4a
107846610,2776752,9083,Cardinalis cardinalis,Northern Cardinal,364992,cc-by-nc,https://static.inaturalist.org/sounds/364992.mp3?1646342241,audio/364992.mp3
107850292,3393095,9083,Cardinalis cardinalis,Northern Cardinal,365016,cc-by-nc,https://static.inaturalist.org/sounds/365016.m4a?1646346372,audio/365016.m4a
107857179,1409076,9083,Cardinalis cardinalis,Northern Cardinal,365084,cc-by-nc,https://static.inaturalist.org/sounds/365084.mp3?1646354200,audio/365084.mp3
107884319,5171388,9083,Cardinalis cardinalis,Northern Cardinal,365273,cc-by-nc,https://static.inaturalist.org/sounds/365273.m4a?1646402731,audio/365273.m4a
107905797,4930304,9083,Cardinalis cardinalis,Northern Cardinal,365421,cc0,https://static.inaturalist.org/sounds/365421.m4a?1646425358,audio/365421.m4a
107906365,3739326,9083,Cardinalis cardinalis,Northern Cardinal,365235,cc0,https://static.inaturalist.org/sounds/365235.m4a?1646394084,audio/365235.m4a
107945008,4820850,9083,Cardinalis cardinalis,Northern Cardinal,365729,cc-by-nc,https://static.inaturalist.org/sounds/365729.m4a?1646486233,audio/365729.m4a
107946803,5298006,9083,Cardinalis cardinalis,Northern Cardinal,365752,cc-by-nc,https://static.inaturalist.org/sounds/365752.m4a?1646488626,audio/365752.m4a
107950823,5301206,9083,Cardinalis cardinalis,Northern Cardinal,365790,cc-by-nc,https://static.inaturalist.org/sounds/365790.m4a?1646493502,audio/365790.m4a
107951655,40888,9083,Cardinalis cardinalis,Northern Cardinal,365801,cc-by-nc,https://static.inaturalist.org/sounds/365801.m4a?1646494419,audio/365801.m4a
107951913,5400681,9083,Cardinalis cardinalis,Northern Cardinal,365805,cc-by-nc,https://static.inaturalist.org/sounds/365805.m4a?1646494795,audio/365805.m4a
107955087,2340900,9083,Cardinalis cardinalis,Northern Cardinal,365820,cc-by,https://static.inaturalist.org/sounds/365820.m4a?1646497955,audio/365820.m4a
107958577,2026250,9083,Cardinalis cardinalis,Northern Cardinal,365847,cc-by-nc,https://static.inaturalist.org/sounds/365847.m4a?1646501184,audio/365847.m4a
107976204,5107908,9083,Cardinalis cardinalis,Northern Cardinal,366526,cc-by-nc,https://static.inaturalist.org/sounds/366526.m4a?1646588224,audio/366526.m4a
107982902,93120,9083,Cardinalis cardinalis,Northern Cardinal,366102,cc-by,https://static.inaturalist.org/sounds/366102.wav?1646528380,audio/366102.wav
107982934,93120,9083,Cardinalis cardinalis,Northern Cardinal,366105,cc-by,https://static.inaturalist.org/sounds/366105.wav?1646528930,audio/366105.wav
107990405,1700589,9083,Cardinalis cardinalis,Northern Cardinal,366083,cc-by-nc,https://static.inaturalist.org/sounds/366083.m4a?1646526861,audio/366083.m4a
108019138,5402310,9083,Cardinalis cardinalis,Northern Cardinal,366291,cc-by-nc,https://static.inaturalist.org/sounds/366291.m4a?1646568456,audio/366291.m4a
108019228,5402310,9083,Cardinalis cardinalis,Northern Cardinal,366294,cc-by-nc,https://static.inaturalist.org/sounds/366294.m4a?1646568613,audio/366294.m4a
108024087,702300,9083,Cardinalis cardinalis,Northern Cardinal,366327,cc-by,https://static.inaturalist.org/sounds/366327.m4a?1646575592,audio/366327.m4a
108024529,2438737,9083,Cardinalis cardinalis,Northern Cardinal,366332,cc-by-nc,https://static.inaturalist.org/sounds/366332.wav?1646576230,audio/366332.wav
108034157,5402627,9083,Cardinalis cardinalis,Northern Cardinal,366484,cc-by-nc,https://static.inaturalist.org/sounds/366484.m4a?1646585096,audio/366484.m4a
108053807,5403020,9083,Cardinalis cardinalis,Northern Cardinal,366661,cc-by-nc,https://static.inaturalist.org/sounds/366661.m4a?1646599775,audio/366661.m4a
108056226,4574904,9083,Cardinalis cardinalis,Northern Cardinal,366694,cc-by-nc,https://static.inaturalist.org/sounds/366694.m4a?1646601560,audio/366694.m4a
108064021,3564162,9083,Cardinalis cardinalis,Northern Cardinal,366740,cc-by-nc,https://static.inaturalist.org/sounds/366740.m4a?1646606644,audio/366740.m4a
108065084,4853395,9083,Cardinalis cardinalis,Northern Cardinal,366764,cc-by-nc,https://static.inaturalist.org/sounds/366764.m4a?1646607453,audio/366764.m4a
108077840,994991,9083,Cardinalis cardinalis,Northern Cardinal,366884,cc-by-nc,https://static.inaturalist.org/sounds/366884.wav?1646617917,audio/366884.wav
108081516,93120,9083,Cardinalis cardinalis,Northern Cardinal,367398,cc-by,https://static.inaturalist.org/sounds/367398.wav?1646699356,audio/367398.wav
108101215,2664511,9083,Cardinalis cardinalis,Northern Cardinal,367035,cc-by-nc,https://static.inaturalist.org/sounds/367035.m4a?1646651603,audio/367035.m4a
108104147,1487464,9083,Cardinalis cardinalis,Northern Cardinal,367052,cc-by-nc,https://static.inaturalist.org/sounds/367052.m4a?1646657245,audio/367052.m4a
108106310,735976,9083,Cardinalis cardinalis,Northern Cardinal,367078,cc-by-nc,https://static.inaturalist.org/sounds/367078.m4a?1646660453,audio/367078.m4a
108114707,1712681,9083,Cardinalis cardinalis,Northern Cardinal,367220,cc-by-nc,https://static.inaturalist.org/sounds/367220.m4a?1646679574,audio/367220.m4a
108116076,1319887,9083,Cardinalis cardinalis,Northern Cardinal,367152,cc-by-nc,https://static.inaturalist.org/sounds/367152.wav?1646671544,audio/367152.wav
108131110,5402434,9083,Cardinalis cardinalis,Northern Cardinal,367292,cc-by-nc,https://static.inaturalist.org/sounds/367292.m4a?1646685262,audio/367292.m4a
108175547,1665029,9083,Cardinalis cardinalis,Northern Cardinal,367635,cc-by-nc,https://static.inaturalist.org/sounds/367635.m4a?1646751195,audio/367635.m4a
108177461,4211688,9083,Cardinalis cardinalis,Northern Cardinal,367653,cc-by-nc,https://static.inaturalist.org/sounds/367653.m4a?1646753455,audio/367653.m4a
108178762,4211688,9083,Cardinalis cardinalis,Northern Cardinal,367682,cc-by-nc,https://static.inaturalist.org/sounds/367682.m4a?1646755001,audio/367682.m4a
108183948,3583839,9083,Cardinalis cardinalis,Northern Cardinal,367703,cc-by-nc,https://static.inaturalist.org/sounds/367703.mp3?1646760044,audio/367703.mp3
108231653,584526,9083,Cardinalis cardinalis,Northern Cardinal,368067,cc-by-nc,https://static.inaturalist.org/sounds/368067.mp3?1646824864,audio/368067.mp3
108236751,5398710,9083,Cardinalis cardinalis,Northern Cardinal,368100,cc-by-nc,https://static.inaturalist.org/sounds/368100.m4a?1646833677,audio/368100.m4a
108237076,4235659,9083,Cardinalis cardinalis,Northern Cardinal,368108,cc-by-nc,https://static.inaturalist.org/sounds/368108.wav?1646834252,audio/368108.wav
108237227,4235659,9083,Cardinalis cardinalis,Northern Cardinal,368118,cc-by-nc,https://static.inaturalist.org/sounds/368118.wav?1646834341,audio/368118.wav
108262657,3583839,9083,Cardinalis cardinalis,Northern Cardinal,368268,cc-by-nc,https://static.inaturalist.org/sounds/368268.mp3?1646862476,audio/368268.mp3
108262737,4027548,9083,Cardinalis cardinalis,Northern Cardinal,368270,cc-by-nc,https://static.inaturalist.org/sounds/368270.m4a?1646862803,audio/368270.m4a
108263727,4341758,9083,Cardinalis cardinalis,Northern Cardinal,368283,cc-by-nc,https://static.inaturalist.org/sounds/368283.m4a?1646863848,audio/368283.m4a
108271512,4845486,9083,Cardinalis cardinalis,Northern Cardinal,368327,cc-by-nc,https://static.inaturalist.org/sounds/368327.m4a?1646871385,audio/368327.m4a
108303007,5370023,9083,Cardinalis cardinalis,Northern Cardinal,368556,cc-by-nc,https://static.inaturalist.org/sounds/368556.m4a?1646924086,audio/368556.m4a
108305739,107880,9083,Cardinalis cardinalis,Northern Cardinal,368590,cc-by,https://static.inaturalist.org/sounds/368590.wav?1646927175,audio/368590.wav
108311179,3267322,9083,Cardinalis cardinalis,Northern Cardinal,368640,cc-by-nc,https://static.inaturalist.org/sounds/368640.m4a?1646933011,audio/368640.m4a
108311202,3267322,9083,Cardinalis cardinalis,Northern Cardinal,368641,cc-by-nc,https://static.inaturalist.org/sounds/368641.m4a?1646933053,audio/368641.m4a
108312992,2737791,9083,Cardinalis cardinalis,Northern Cardinal,368661,cc-by-nc,https://static.inaturalist.org/sounds/368661.m4a?1646934658,audio/368661.m4a
108339598,572980,9083,Cardinalis cardinalis,Northern Cardinal,368868,cc-by,https://static.inaturalist.org/sounds/368868.m4a?1646962260,audio/368868.m4a
108367459,1977429,9083,Cardinalis cardinalis,Northern Cardinal,369111,cc-by-nc,https://static.inaturalist.org/sounds/369111.m4a?1647013283,audio/369111.m4a
108368794,2438737,9083,Cardinalis cardinalis,Northern Cardinal,369122,cc-by-nc,https://static.inaturalist.org/sounds/369122.wav?1647014873,audio/369122.wav
108376032,5363878,9083,Cardinalis cardinalis,Northern Cardinal,369184,cc-by-nc,https://static.inaturalist.org/sounds/369184.m4a?1647023106,audio/369184.m4a
108383107,1817300,9083,Cardinalis cardinalis,Northern Cardinal,369251,cc-by-nc,https://static.inaturalist.org/sounds/369251.m4a?1647029917,audio/369251.m4a
108386621,5370162,9083,Cardinalis cardinalis,Northern Cardinal,369307,cc-by-nc,https://static.inaturalist.org/sounds/369307.m4a?1647033730,audio/369307.m4a
108387808,5336264,9083,Cardinalis cardinalis,Northern Cardinal,369315,cc-by-nc,https://static.inaturalist.org/sounds/369315.m4a?1647034832,audio/369315.m4a
108390393,3447449,9083,Cardinalis cardinalis,Northern Cardinal,369326,cc-by-nc,https://static.inaturalist.org/sounds/369326.mp3?1647036660,audio/369326.mp3
108392624,5380088,9083,Cardinalis cardinalis,Northern Cardinal,369342,cc-by-nc,https://static.inaturalist.org/sounds/369342.wav?1647039726,audio/369342.wav
108395357,572980,9083,Cardinalis cardinalis,Northern Cardinal,369355,cc-by,https://static.inaturalist.org/sounds/369355.m4a?1647042563,audio/369355.m4a
108428156,970009,9083,Cardinalis cardinalis,Northern Cardinal,369530,cc-by,https://static.inaturalist.org/sounds/369530.m4a?1647089841,audio/369530.m4a
108435417,3447449,9083,Cardinalis cardinalis,Northern Cardinal,369578,cc-by-nc,https://static.inaturalist.org/sounds/369578.mp3?1647099242,audio/369578.mp3
108444077,1476558,9083,Cardinalis cardinalis,Northern Cardinal,369629,cc-by-nc,https://static.inaturalist.org/sounds/369629.m4a?1647107759,audio/369629.m4a
108474345,3668000,9083,Cardinalis cardinalis,Northern Cardinal,369852,cc-by-nc,https://static.inaturalist.org/sounds/369852.mp3?1647134582,audio/369852.mp3
103511248,3396054,7513,Thryothorus ludovicianus,Carolina Wren,339624,cc-by,https://static.inaturalist.org/sounds/339624.wav?1640236459,audio/339624.wav
103589425,4867735,7513,Thryothorus ludovicianus,Carolina Wren,340135,cc-by-nc,https://static.inaturalist.org/sounds/340135.m4a?1640366990,audio/340135.m4a
103634333,4768196,7513,Thryothorus ludovicianus,Carolina Wren,340319,cc0,https://static.inaturalist.org/sounds/340319.wav?1640447258,audio/340319.wav
103641311,584526,7513,Thryothorus ludovicianus,Carolina Wren,340344,cc-by-nc,https://static.inaturalist.org/sounds/340344.m4a?1640456741,audio/340344.m4a
103713731,2246823,7513,Thryothorus ludovicianus,Carolina Wren,340644,cc-by-nc,https://static.inaturalist.org/sounds/340644.m4a?1640556409,audio/340644.m4a
103720385,291224,7513,Thryothorus ludovicianus,Carolina Wren,340683,cc-by-nc,https://static.inaturalist.org/sounds/340683.m4a?1640562796,audio/340683.m4a
103722825,652364,7513,Thryothorus ludovicianus,Carolina Wren,340695,cc-by-nc,https://static.inaturalist.org/sounds/340695.m4a?1640565339,audio/340695.m4a
103752947,970009,7513,Thryothorus ludovicianus,Carolina Wren,340792,cc-by,https://static.inaturalist.org/sounds/340792.m4a?1640616154,audio/340792.m4a
103758743,970009,7513,Thryothorus ludovicianus,Carolina Wren,340833,cc-by,https://static.inaturalist.org/sounds/340833.m4a?1640622322,audio/340833.m4a
103760410,3257417,7513,Thryothorus ludovicianus,Carolina Wren,340845,cc-by-nc,https://static.inaturalist.org/sounds/340845.mp3?1640623705,audio/340845.mp3
103779700,851223,7513,Thryothorus ludovicianus,Carolina Wren,340892,cc0,https://static.inaturalist.org/sounds/340892.wav?1640642413,audio/340892.wav
103820421,25153,7513,Thryothorus ludovicianus,Carolina Wren,341087,cc-by-nc,https://static.inaturalist.org/sounds/341087.wav?1640701184,audio/341087.wav
103824427,970009,7513,Thryothorus ludovicianus,Carolina Wren,341112,cc-by,https://static.inaturalist.org/sounds/341112.m4a?1640706345,audio/341112.m4a
103824456,970009,7513,Thryothorus ludovicianus,Carolina Wren,341113,cc-by,https://static.inaturalist.org/sounds/341113.m4a?1640706369,audio/341113.m4a
103825531,970009,7513,Thryothorus ludovicianus,Carolina Wren,341122,cc-by,https://static.inaturalist.org/sounds/341122.m4a?1640707851,audio/341122.m4a
103858842,563128,7513,Thryothorus ludovicianus,Carolina Wren,341221,cc-by,https://static.inaturalist.org/sounds/341221.m4a?1640741600,audio/341221.m4a
103884887,970009,7513,Thryothorus ludovicianus,Carolina Wren,341324,cc-by,https://static.inaturalist.org/sounds/341324.m4a?1640784984,audio/341324.m4a
103889482,51906,7513,Thryothorus ludovicianus,Carolina Wren,341345,cc-by-nc,https://static.inaturalist.org/sounds/341345.m4a?1640790985,audio/341345.m4a
103961745,586651,7513,Thryothorus ludovicianus,Carolina Wren,341604,cc-by-nc,https://static.inaturalist.org/sounds/341604.wav?1640877009,audio/341604.wav
103963831,563128,7513,Thryothorus ludovicianus,Carolina Wren,341616,cc-by,https://static.inaturalist.org/sounds/341616.mp3?1640879193,audio/341616.mp3
103964730,1432677,7513,Thryothorus ludovicianus,Carolina Wren,341620,cc-by-nc,https://static.inaturalist.org/sounds/341620.wav?1640880203,audio/341620.wav
103979603,1537014,7513,Thryothorus ludovicianus,Carolina Wren,341673,cc-by-nc,https://static.inaturalist.org/sounds/341673.m4a?1640894483,audio/341673.m4a
103980874,1537014,7513,Thryothorus ludovicianus,Carolina Wren,341687,cc-by-nc,https://static.inaturalist.org/sounds/341687.m4a?1640895591,audio/341687.m4a
104025728,5018080,7513,Thryothorus ludovicianus,Carolina Wren,341840,cc-by-nc,https://static.inaturalist.org/sounds/341840.m4a?1640952567,audio/341840.m4a
104025754,5018080,7513,Thryothorus ludovicianus,Carolina Wren,341841,cc-by-nc,https://static.inaturalist.org/sounds/341841.m4a?1640952586,audio/341841.m4a
104025779,5018080,7513,Thryothorus ludovicianus,Carolina Wren,341842,cc-by-nc,https://static.inaturalist.org/sounds/341842.m4a?1640952666,audio/341842.m4a
104025795,5018080,7513,Thryothorus ludovicianus,Carolina Wren,341844,cc-by-nc,https://static.inaturalist.org/sounds/341844.m4a?1640952706,audio/341844.m4a
104030042,2040051,7513,Thryothorus ludovicianus,Carolina Wren,341867,cc-by-nc,https://static.inaturalist.org/sounds/341867.wav?1640959666,audio/341867.wav
104033505,2040051,7513,Thryothorus ludovicianus,Carolina Wren,341890,cc-by-nc,https://static.inaturalist.org/sounds/341890.wav?1640963667,audio/341890.wav
104033633,2040051,7513,Thryothorus ludovicianus,Carolina Wren,341891,cc-by-nc,https://static.inaturalist.org/sounds/341891.wav?1640963831,audio/341891.wav
104039007,100315,7513,Thryothorus ludovicianus,Carolina Wren,341968,cc-by-nc,https://static.inaturalist.org/sounds/341968.m4a?1640979388,audio/341968.m4a
104057707,1501126,7513,Thryothorus ludovicianus,Carolina Wren,341997,cc-by-nc,https://static.inaturalist.org/sounds/341997.wav?1640985644,audio/341997.wav
104061138,4845486,7513,Thryothorus ludovicianus,Carolina Wren,342016,cc-by-nc,https://static.inaturalist.org/sounds/342016.mp3?1640988765,audio/342016.mp3
104222738,5017463,7513,Thryothorus ludovicianus,Carolina Wren,342717,cc-by-nc,https://static.inaturalist.org/sounds/342717.m4a?1641161377,audio/342717.m4a
104352623,780605,7513,Thryothorus ludovicianus,Carolina Wren,343179,cc-by-nc,https://static.inaturalist.org/sounds/343179.m4a?1641316696,audio/343179.m4a
104363412,454835,7513,Thryothorus ludovicianus,Carolina Wren,343221,cc-by-nc,https://static.inaturalist.org/sounds/343221.wav?1641327716,audio/343221.wav
104412791,51906,7513,Thryothorus ludovicianus,Carolina Wren,343466,cc-by-nc,https://static.inaturalist.org/sounds/343466.m4a?1641400710,audio/343466.m4a
104417130,5271479,7513,Thryothorus ludovicianus,Carolina Wren,343477,cc-by-nc,https://static.inaturalist.org/sounds/343477.m4a?1641406200,audio/343477.m4a
104515914,3239830,7513,Thryothorus ludovicianus,Carolina Wren,344137,cc-by-nc,https://static.inaturalist.org/sounds/344137.m4a?1641558959,audio/344137.m4a
104521880,131068,7513,Thryothorus ludovicianus,Carolina Wren,344160,cc-by-nc,https://static.inaturalist.org/sounds/344160.wav?1641569355,audio/344160.wav
104549655,3564162,7513,Thryothorus ludovicianus,Carolina Wren,344311,cc-by-nc,https://static.inaturalist.org/sounds/344311.m4a?1641605367,audio/344311.m4a
104607098,3757936,7513,Thryothorus ludovicianus,Carolina Wren,344614,cc-by-nc-sa,https://static.inaturalist.org/sounds/344614.m4a?1641689373,audio/344614.m4a
104607705,3564162,7513,Thryothorus ludovicianus,Carolina Wren,344594,cc-by-nc,https://static.inaturalist.org/sounds/344594.m4a?1641685590,audio/344594.m4a
104646197,3220390,7513,Thryothorus ludovicianus,Carolina Wren,344880,cc-by-nc,https://static.inaturalist.org/sounds/344880.m4a?1641743177,audio/344880.m4a
104648517,3147610,7513,Thryothorus ludovicianus,Carolina Wren,344893,cc-by-nc,https://static.inaturalist.org/sounds/344893.m4a?1641745863,audio/344893.m4a
104649642,4014802,7513,Thryothorus ludovicianus,Carolina Wren,344904,cc0,https://static.inaturalist.org/sounds/344904.wav?1641746950,audio/344904.wav
104705463,1117123,7513,Thryothorus ludovicianus,Carolina Wren,345248,cc-by-nc,https://static.inaturalist.org/sounds/345248.wav?1641825268,audio/345248.wav
104729741,851223,7513,Thryothorus ludovicianus,Carolina Wren,345356,cc0,https://static.inaturalist.org/sounds/345356.wav?1641855397,audio/345356.wav
104766021,217223,7513,Thryothorus ludovicianus,Carolina Wren,345531,cc-by-nc,https://static.inaturalist.org/sounds/345531.m4a?1641919551,audio/345531.m4a
104777131,2542868,7513,Thryothorus ludovicianus,Carolina Wren,345564,cc-by-nc,https://static.inaturalist.org/sounds/345564.wav?1641934500,audio/345564.wav
104793805,3564162,7513,Thryothorus ludovicianus,Carolina Wren,345633,cc-by-nc,https://static.inaturalist.org/sounds/345633.m4a?1641956715,audio/345633.m4a
104826881,53153,7513,Thryothorus ludovicianus,Carolina Wren,345754,cc-by,https://static.inaturalist.org/sounds/345754.m4a?1642018586,audio/345754.m4a
104862263,1712681,7513,Thryothorus ludovicianus,Carolina Wren,345937,cc-by-nc,https://static.inaturalist.org/sounds/345937.m4a?1642078383,audio/345937.m4a
104863622,4113160,7513,Thryothorus ludovicianus,Carolina Wren,345947,cc-by-nc,https://static.inaturalist.org/sounds/345947.m4a?1642081157,audio/345947.m4a
104870960,1627298,7513,Thryothorus ludovicianus,Carolina Wren,346014,cc-by-nc,https://static.inaturalist.org/sounds/346014.wav?1642093820,audio/346014.wav
104880833,3564162,7513,Thryothorus ludovicianus,Carolina Wren,346086,cc-by-nc,https://static.inaturalist.org/sounds/346086.m4a?1642106902,audio/346086.m4a
104880846,3564162,7513,Thryothorus ludovicianus,Carolina Wren,346088,cc-by-nc,https://static.inaturalist.org/sounds/346088.m4a?1642106911,audio/346088.m4a
104914414,267190,7513,Thryothorus ludovicianus,Carolina Wren,346328,cc-by-nc,https://static.inaturalist.org/sounds/346328.wav?1642165389,audio/346328.wav
104918896,1432677,7513,Thryothorus ludovicianus,Carolina Wren,346379,cc-by-nc,https://static.inaturalist.org/sounds/346379.wav?1642173849,audio/346379.wav
104943353,2545196,7513,Thryothorus ludovicianus,Carolina Wren,346487,cc-by,https://static.inaturalist.org/sounds/346487.wav?1642206313,audio/346487.wav
104976029,5265755,7513,Thryothorus ludovicianus,Carolina Wren,346652,cc-by-nc,https://static.inaturalist.org/sounds/346652.m4a?1642263945,audio/346652.m4a
104997626,851223,7513,Thryothorus ludovicianus,Carolina Wren,346732,cc0,https://static.inaturalist.org/sounds/346732.wav?1642286867,audio/346732.wav
105002326,355652,7513,Thryothorus ludovicianus,Carolina Wren,346755,cc-by-nc,https://static.inaturalist.org/sounds/346755.m4a?1642291888,audio/346755.m4a
105032206,4768196,7513,Thryothorus ludovicianus,Carolina Wren,346871,cc0,https://static.inaturalist.org/sounds/346871.wav?1642340489,audio/346871.wav
105034585,1319887,7513,Thryothorus ludovicianus,Carolina Wren,346881,cc-by-nc,https://static.inaturalist.org/sounds/346881.wav?1642344436,audio/346881.wav
105068550,399992,7513,Thryothorus ludovicianus,Carolina Wren,347025,cc-by-nc,https://static.inaturalist.org/sounds/347025.m4a?1642380671,audio/347025.m4a
105082863,3564162,7513,Thryothorus ludovicianus,Carolina Wren,347061,cc-by-nc,https://static.inaturalist.org/sounds/347061.m4a?1642397611,audio/347061.m4a
105115564,9432,7513,Thryothorus ludovicianus,Carolina Wren,347193,cc-by-nc,https://static.inaturalist.org/sounds/347193.m4a?1642452015,audio/347193.m4a
105116136,9432,7513,Thryothorus ludovicianus,Carolina Wren,347198,cc-by-nc,https://static.inaturalist.org/sounds/347198.m4a?1642452599,audio/347198.m4a
105122879,93120,7513,Thryothorus ludovicianus,Carolina Wren,347252,cc-by,https://static.inaturalist.org/sounds/347252.wav?1642464163,audio/347252.wav
105194380,3564162,7513,Thryothorus ludovicianus,Carolina Wren,347618,cc-by-nc,https://static.inaturalist.org/sounds/347618.m4a?1642567505,audio/347618.m4a
105194383,3564162,7513,Thryothorus ludovicianus,Carolina Wren,347619,cc-by-nc,https://static.inaturalist.org/sounds/347619.m4a?1642567511,audio/347619.m4a
105212130,3564162,7513,Thryothorus ludovicianus,Carolina Wren,347722,cc-by-nc,https://static.inaturalist.org/sounds/347722.m4a?1642605505,audio/347722.m4a
105219233,9432,7513,Thryothorus ludovicianus,Carolina Wren,347756,cc-by-nc,https://static.inaturalist.org/sounds/347756.m4a?1642615719,audio/347756.m4a
105275151,12610,7513,Thryothorus ludovicianus,Carolina Wren,348067,cc-by-nc,https://static.inaturalist.org/sounds/348067.wav?1642706223,audio/348067.wav
105280459,851223,7513,Thryothorus ludovicianus,Carolina Wren,348102,cc0,https://static.inaturalist.org/sounds/348102.wav?1642713349,audio/348102.wav
105316125,3270577,7513,Thryothorus ludovicianus,Carolina Wren,348291,cc-by-nc,https://static.inaturalist.org/sounds/348291.m4a?1642781499,audio/348291.m4a
105324509,2545196,7513,Thryothorus ludovicianus,Carolina Wren,348323,cc-by,https://static.inaturalist.org/sounds/348323.wav?1642793871,audio/348323.wav
105326163,5267469,7513,Thryothorus ludovicianus,Carolina Wren,348345,cc-by-nc,https://static.inaturalist.org/sounds/348345.m4a?1642796265,audio/348345.m4a
105326316,5267469,7513,Thryothorus ludovicianus,Carolina Wren,348348,cc-by-nc,https://static.inaturalist.org/sounds/348348.m4a?1642796495,audio/348348.m4a
105376623,1718198,7513,Thryothorus ludovicianus,Carolina Wren,348604,cc-by-nc,https://static.inaturalist.org/sounds/348604.m4a?1642876213,audio/348604.m4a
105449858,5003484,7513,Thryothorus ludovicianus,Carolina Wren,348964,cc-by-nc,https://static.inaturalist.org/sounds/348964.mp3?1642967934,audio/348964.mp3
105461394,851223,7513,Thryothorus ludovicianus,Carolina Wren,349023,cc0,https://static.inaturalist.org/sounds/349023.wav?1642977775,audio/349023.wav
105467882,4149055,7513,Thryothorus ludovicianus,Carolina Wren,349062,cc-by-nc,https://static.inaturalist.org/sounds/349062.wav?1642983806,audio/349062.wav
105503154,131068,7513,Thryothorus ludovicianus,Carolina Wren,349283,cc-by-nc,https://static.inaturalist.org/sounds/349283.wav?1643039292,audio/349283.wav
105519200,5145581,7513,Thryothorus ludovicianus,Carolina Wren,349379,cc-by-nc,https://static.inaturalist.org/sounds/349379.m4a?1643060087,audio/349379.m4a
105531427,3564162,7513,Thryothorus ludovicianus,Carolina Wren,349440,cc-by-nc,https://static.inaturalist.org/sounds/349440.m4a?1643074817,audio/349440.m4a
105556344,4425563,7513,Thryothorus ludovicianus,Carolina Wren,349693,cc-by-nc,https://static.inaturalist.org/sounds/349693.m4a?1643124011,audio/349693.m4a
105567598,563128,7513,Thryothorus ludovicianus,Carolina Wren,349921,cc-by,https://static.inaturalist.org/sounds/349921.mp3?1643138209,audio/349921.mp3
105569222,563128,7513,Thryothorus ludovicianus,Carolina Wren,349967,cc-by,https://static.inaturalist.org/sounds/349967.mp3?1643140157,audio/349967.mp3
105574651,3526757,7513,Thryothorus ludovicianus,Carolina Wren,350039,cc-by-nc,https://static.inaturalist.org/sounds/350039.m4a?1643146442,audio/350039.m4a
105578490,28364,7513,Thryothorus ludovicianus,Carolina Wren,350049,cc-by,https://static.inaturalist.org/sounds/350049.m4a?1643150418,audio/350049.m4a
105658397,800658,7513,Thryothorus ludovicianus,Carolina Wren,350805,cc-by-nc,https://static.inaturalist.org/sounds/350805.wav?1643282904,audio/350805.wav
105684330,851223,7513,Thryothorus ludovicianus,Carolina Wren,350950,cc0,https://static.inaturalist.org/sounds/350950.wav?1643322040,audio/350950.wav
105687770,2618966,7513,Thryothorus ludovicianus,Carolina Wren,350963,cc-by-nc,https://static.inaturalist.org/sounds/350963.m4a?1643327292,audio/350963.m4a
105733314,800658,7513,Thryothorus ludovicianus,Carolina Wren,351224,cc-by-nc,https://static.inaturalist.org/sounds/351224.wav?1643402486,audio/351224.wav
105736089,3057009,7513,Thryothorus ludovicianus,Carolina Wren,351235,cc-by-nc,https://static.inaturalist.org/sounds/351235.wav?1643405956,audio/351235.wav
105752922,455509,7513,Thryothorus ludovicianus,Carolina Wren,351296,cc-by-nc,https://static.inaturalist.org/sounds/351296.wav?1643429468,audio/351296.wav
105760857,3057009,7513,Thryothorus ludovicianus,Carolina Wren,351324,cc-by-nc,https://static.inaturalist.org/sounds/351324.mp3?1643446312,audio/351324.mp3
105777773,800658,7513,Thryothorus ludovicianus,Carolina Wren,351414,cc-by-nc,https://static.inaturalist.org/sounds/351414.wav?1643474841,audio/351414.wav
105834387,800658,7513,Thryothorus ludovicianus,Carolina Wren,351650,cc-by-nc,https://static.inaturalist.org/sounds/351650.wav?1643547443,audio/351650.wav
105843246,800658,7513,Thryothorus ludovicianus,Carolina Wren,351691,cc-by-nc,https://static.inaturalist.org/sounds/351691.wav?1643554418,audio/351691.wav
105856408,226524,7513,Thryothorus ludovicianus,Carolina Wren,351802,cc-by-nc,https://static.inaturalist.org/sounds/351802.wav?1643572730,audio/351802.wav
105922570,288963,7513,Thryothorus ludovicianus,Carolina Wren,352236,cc-by-nc,https://static.inaturalist.org/sounds/352236.m4a?1643658668,audio/352236.m4a
105988279,18812,7513,Thryothorus ludovicianus,Carolina Wren,352631,cc-by-nc,https://static.inaturalist.org/sounds/352631.mpga?1643755546,audio/352631.mpga
105988730,5310775,7513,Thryothorus ludovicianus,Carolina Wren,352644,cc-by-nc,https://static.inaturalist.org/sounds/352644.wav?1643756052,audio/352644.wav
106014773,4047919,7513,Thryothorus ludovicianus,Carolina Wren,352773,cc-by-nc,https://static.inaturalist.org/sounds/352773.m4a?1643803851,audio/352773.m4a
106016882,800658,7513,Thryothorus ludovicianus,Carolina Wren,352787,cc-by-nc,https://static.inaturalist.org/sounds/352787.wav?1643807900,audio/352787.wav
106022829,199546,7513,Thryothorus ludovicianus,Carolina Wren,352837,cc-by-nc,https://static.inaturalist.org/sounds/352837.m4a?1643817544,audio/352837.m4a
106028282,2853440,7513,Thryothorus ludovicianus,Carolina Wren,352880,cc-by-nc,https://static.inaturalist.org/sounds/352880.m4a?1643824999,audio/352880.m4a
106030966,4027548,7513,Thryothorus ludovicianus,Carolina Wren,352896,cc-by-nc,https://static.inaturalist.org/sounds/352896.m4a?1643828465,audio/352896.m4a
106041223,157371,7513,Thryothorus ludovicianus,Carolina Wren,352939,cc-by-nc,https://static.inaturalist.org/sounds/352939.m4a?1643841129,audio/352939.m4a
106058519,827099,7513,Thryothorus ludovicianus,Carolina Wren,353027,cc-by-nc,https://static.inaturalist.org/sounds/353027.m4a?1643867235,audio/353027.m4a
106066061,800658,7513,Thryothorus ludovicianus,Carolina Wren,353143,cc-by-nc,https://static.inaturalist.org/sounds/353143.wav?1643890780,audio/353143.wav
106092019,3537475,7513,Thryothorus ludovicianus,Carolina Wren,353332,cc-by-nc,https://static.inaturalist.org/sounds/353332.m4a?1643927779,audio/353332.m4a
106237072,851223,7513,Thryothorus ludovicianus,Carolina Wren,354244,cc0,https://static.inaturalist.org/sounds/354244.wav?1644150064,audio/354244.wav
106240752,3564162,7513,Thryothorus ludovicianus,Carolina Wren,354273,cc-by-nc,https://static.inaturalist.org/sounds/354273.m4a?1644155227,audio/354273.m4a
106247635,2038537,7513,Thryothorus ludovicianus,Carolina Wren,354354,cc-by-nc,https://static.inaturalist.org/sounds/354354.m4a?1644163129,audio/354354.m4a
106247953,800658,7513,Thryothorus ludovicianus,Carolina Wren,354357,cc-by-nc,https://static.inaturalist.org/sounds/354357.wav?1644163459,audio/354357.wav
106260380,238273,7513,Thryothorus ludovicianus,Carolina Wren,354435,cc-by-nc,https://static.inaturalist.org/sounds/354435.m4a?1644175986,audio/354435.m4a
106316415,5321932,7513,Thryothorus ludovicianus,Carolina Wren,354675,cc-by-nc,https://static.inaturalist.org/sounds/354675.m4a?1644243554,audio/354675.m4a
106324407,1074893,7513,Thryothorus ludovicianus,Carolina Wren,354724,cc-by-nc,https://static.inaturalist.org/sounds/354724.m4a?1644254788,audio/354724.m4a
106334614,5310353,7513,Thryothorus ludovicianus,Carolina Wren,354786,cc-by-nc,https://static.inaturalist.org/sounds/354786.m4a?1644266152,audio/354786.m4a
106377318,1442870,7513,Thryothorus ludovicianus,Carolina Wren,354986,cc-by-nc,https://static.inaturalist.org/sounds/354986.m4a?1644329135,audio/354986.m4a
106384533,312809,7513,Thryothorus ludovicianus,Carolina Wren,355069,cc-by-nc,https://static.inaturalist.org/sounds/355069.m4a?1644339707,audio/355069.m4a
106408954,4994013,7513,Thryothorus ludovicianus,Carolina Wren,355194,cc-by-nc,https://static.inaturalist.org/sounds/355194.mp3?1644369273,audio/355194.mp3
106434249,5321945,7513,Thryothorus ludovicianus,Carolina Wren,355295,cc-by-nc,https://static.inaturalist.org/sounds/355295.m4a?1644413602,audio/355295.m4a
106442338,5322050,7513,Thryothorus ludovicianus,Carolina Wren,355361,cc-by-nc,https://static.inaturalist.org/sounds/355361.m4a?1644426536,audio/355361.m4a
106447852,3396054,7513,Thryothorus ludovicianus,Carolina Wren,355403,cc-by,https://static.inaturalist.org/sounds/355403.wav?1644432204,audio/355403.wav
106487615,1501126,7513,Thryothorus ludovicianus,Carolina Wren,355614,cc-by-nc,https://static.inaturalist.org/sounds/355614.wav?1644491585,audio/355614.wav
106548278,735976,7513,Thryothorus ludovicianus,Carolina Wren,355992,cc-by-nc,https://static.inaturalist.org/sounds/355992.m4a?1644587093,audio/355992.m4a
106553472,4124763,7513,Thryothorus ludovicianus,Carolina Wren,356049,cc-by-nc,https://static.inaturalist.org/sounds/356049.wav?1644594110,audio/356049.wav
106575150,199546,7513,Thryothorus ludovicianus,Carolina Wren,356212,cc-by-nc,https://static.inaturalist.org/sounds/356212.m4a?1644621977,audio/356212.m4a
106578397,4014802,7513,Thryothorus ludovicianus,Carolina Wren,356227,cc0,https://static.inaturalist.org/sounds/356227.wav?1644626598,audio/356227.wav
106587118,336491,7513,Thryothorus ludovicianus,Carolina Wren,356270,cc-by,https://static.inaturalist.org/sounds/356270.m4a?1644638550,audio/356270.m4a
106587121,336491,7513,Thryothorus ludovicianus,Carolina Wren,356271,cc-by,https://static.inaturalist.org/sounds/356271.m4a?1644638557,audio/356271.m4a
106602721,3019864,7513,Thryothorus ludovicianus,Carolina Wren,356335,cc-by-nc,https://static.inaturalist.org/sounds/356335.m4a?1644668195,audio/356335.m4a
106602986,17564,7513,Thryothorus ludovicianus,Carolina Wren,356338,cc-by-nc,https://static.inaturalist.org/sounds/356338.wav?1644668304,audio/356338.wav
106607096,851223,7513,Thryothorus ludovicianus,Carolina Wren,356390,cc0,https://static.inaturalist.org/sounds/356390.wav?1644675025,audio/356390.wav
106637790,2502362,7513,Thryothorus ludovicianus,Carolina Wren,356630,cc-by-nc,https://static.inaturalist.org/sounds/356630.m4a?1644707036,audio/356630.m4a
106676307,1409076,7513,Thryothorus ludovicianus,Carolina Wren,356901,cc-by-nc,https://static.inaturalist.org/sounds/356901.mp3?1644760737,audio/356901.mp3
106683585,157371,7513,Thryothorus ludovicianus,Carolina Wren,356957,cc-by-nc,https://static.inaturalist.org/sounds/356957.m4a?1644769441,audio/356957.m4a
106707041,1817300,7513,Thryothorus ludovicianus,Carolina Wren,357145,cc-by-nc,https://static.inaturalist.org/sounds/357145.m4a?1644791040,audio/357145.m4a
106740453,336491,7513,Thryothorus ludovicianus,Carolina Wren,357284,cc-by,https://static.inaturalist.org/sounds/357284.m4a?1644842911,audio/357284.m4a
106740540,336491,7513,Thryothorus ludovicianus,Carolina Wren,357286,cc-by,https://static.inaturalist.org/sounds/357286.m4a?1644843096,audio/357286.m4a
106744128,4124763,7513,Thryothorus ludovicianus,Carolina Wren,357312,cc-by-nc,https://static.inaturalist.org/sounds/357312.wav?1644849574,audio/357312.wav
106803921,1665776,7513,Thryothorus ludovicianus,Carolina Wren,357651,cc-by-nc,https://static.inaturalist.org/sounds/357651.m4a?1644942888,audio/357651.m4a
106810179,3550912,7513,Thryothorus ludovicianus,Carolina Wren,357706,cc-by-nc,https://static.inaturalist.org/sounds/357706.m4a?1644950600,audio/357706.m4a
106824166,5340176,7513,Thryothorus ludovicianus,Carolina Wren,357782,cc-by-nc,https://static.inaturalist.org/sounds/357782.m4a?1644965871,audio/357782.m4a
106856273,4124763,7513,Thryothorus ludovicianus,Carolina Wren,357950,cc-by-nc,https://static.inaturalist.org/sounds/357950.wav?1645019374,audio/357950.wav
106874275,5321684,7513,Thryothorus ludovicianus,Carolina Wren,358085,cc-by-nc,https://static.inaturalist.org/sounds/358085.m4a?1645041613,audio/358085.m4a
106887558,199546,7513,Thryothorus ludovicianus,Carolina Wren,358168,cc-by-nc,https://static.inaturalist.org/sounds/358168.m4a?1645057554,audio/358168.m4a
106925720,4299351,7513,Thryothorus ludovicianus,Carolina Wren,358377,cc-by-nc,https://static.inaturalist.org/sounds/358377.mp3?1645118193,audio/358377.mp3
106943788,4014802,7513,Thryothorus ludovicianus,Carolina Wren,358474,cc0,https://static.inaturalist.org/sounds/358474.wav?1645138085,audio/358474.wav
106979085,2664511,7513,Thryothorus ludovicianus,Carolina Wren,358750,cc-by-nc,https://static.inaturalist.org/sounds/358750.m4a?1645202308,audio/358750.m4a
106994947,1683442,7513,Thryothorus ludovicianus,Carolina Wren,358838,cc-by-nc,https://static.inaturalist.org/sounds/358838.wav?1645219245,audio/358838.wav
107046699,2036678,7513,Thryothorus ludovicianus,Carolina Wren,359091,cc-by-nc,https://static.inaturalist.org/sounds/359091.m4a?1645291351,audio/359091.m4a
107069550,86246,7513,Thryothorus ludovicianus,Carolina Wren,359207,cc-by-nc,https://static.inaturalist.org/sounds/359207.m4a?1645312303,audio/359207.m4a
107103790,4124763,7513,Thryothorus ludovicianus,Carolina Wren,359378,cc-by-nc,https://static.inaturalist.org/sounds/359378.wav?1645361054,audio/359378.wav
107119291,5322050,7513,Thryothorus ludovicianus,Carolina Wren,359609,cc-by-nc,https://static.inaturalist.org/sounds/359609.m4a?1645378246,audio/359609.m4a
107124522,5342193,7513,Thryothorus ludovicianus,Carolina Wren,359641,cc-by-nc,https://static.inaturalist.org/sounds/359641.m4a?1645382675,audio/359641.m4a
107185648,1686580,7513,Thryothorus ludovicianus,Carolina Wren,360008,cc-by-nc,https://static.inaturalist.org/sounds/360008.wav?1645458328,audio/360008.wav
107199786,1635226,7513,Thryothorus ludovicianus,Carolina Wren,360142,cc-by-nc,https://static.inaturalist.org/sounds/360142.m4a?1645471962,audio/360142.m4a
107208431,1849425,7513,Thryothorus ludovicianus,Carolina Wren,360239,cc-by-nc,https://static.inaturalist.org/sounds/360239.wav?1645479540,audio/360239.wav
107232071,1817300,7513,Thryothorus ludovicianus,Carolina Wren,360393,cc-by-nc,https://static.inaturalist.org/sounds/360393.m4a?1645501109,audio/360393.m4a
107246411,2785339,7513,Thryothorus ludovicianus,Carolina Wren,360474,cc-by-nc,https://static.inaturalist.org/sounds/360474.m4a?1645528549,audio/360474.m4a
107255375,461858,7513,Thryothorus ludovicianus,Carolina Wren,360548,cc-by-nc,https://static.inaturalist.org/sounds/360548.m4a?1645543229,audio/360548.m4a
107274405,3564162,7513,Thryothorus ludovicianus,Carolina Wren,360715,cc-by-nc,https://static.inaturalist.org/sounds/360715.m4a?1645563360,audio/360715.m4a
107274414,3564162,7513,Thryothorus ludovicianus,Carolina Wren,360718,cc-by-nc,https://static.inaturalist.org/sounds/360718.m4a?1645563408,audio/360718.m4a
107274532,3564162,7513,Thryothorus ludovicianus,Carolina Wren,360719,cc-by-nc,https://static.inaturalist.org/sounds/360719.m4a?1645563468,audio/360719.m4a
107278378,5378338,7513,Thryothorus ludovicianus,Carolina Wren,360753,cc-by-nc,https://static.inaturalist.org/sounds/360753.m4a?1645567562,audio/360753.m4a
107315345,1581645,7513,Thryothorus ludovicianus,Carolina Wren,360971,cc-by,https://static.inaturalist.org/sounds/360971.wav?1645628276,audio/360971.wav
107327769,104937,7513,Thryothorus ludovicianus,Carolina Wren,361050,cc-by-nc,https://static.inaturalist.org/sounds/361050.m4a?1645642769,audio/361050.m4a
107364134,1456596,7513,Thryothorus ludovicianus,Carolina Wren,361257,cc-by-nc,https://static.inaturalist.org/sounds/361257.wav?1645695790,audio/361257.wav
107369586,735976,7513,Thryothorus ludovicianus,Carolina Wren,361284,cc-by-nc,https://static.inaturalist.org/sounds/361284.m4a?1645708320,audio/361284.m4a
107376066,1811961,7513,Thryothorus ludovicianus,Carolina Wren,361324,cc-by-nc,https://static.inaturalist.org/sounds/361324.m4a?1645718513,audio/361324.m4a
107388021,3866591,7513,Thryothorus ludovicianus,Carolina Wren,361410,cc-by-nc,https://static.inaturalist.org/sounds/361410.m4a?1645734815,audio/361410.m4a
107388555,5131591,7513,Thryothorus ludovicianus,Carolina Wren,361412,cc-by-nc,https://static.inaturalist.org/sounds/361412.m4a?1645735500,audio/361412.m4a
107477438,1712681,7513,Thryothorus ludovicianus,Carolina Wren,362048,cc-by-nc,https://static.inaturalist.org/sounds/362048.m4a?1645885310,audio/362048.m4a
107494166,1849425,7513,Thryothorus ludovicianus,Carolina Wren,362276,cc-by-nc,https://static.inaturalist.org/sounds/362276.wav?1645900852,audio/362276.wav
107512292,521996,7513,Thryothorus ludovicianus,Carolina Wren,362424,cc-by-nc,https://static.inaturalist.org/sounds/362424.mp3?1645915871,audio/362424.mp3
107512525,12610,7513,Thryothorus ludovicianus,Carolina Wren,362425,cc-by-nc,https://static.inaturalist.org/sounds/362425.wav?1645916120,audio/362425.wav
107513682,93120,7513,Thryothorus ludovicianus,Carolina Wren,362507,cc-by,https://static.inaturalist.org/sounds/362507.wav?1645925002,audio/362507.wav
107534405,3564162,7513,Thryothorus ludovicianus,Carolina Wren,362584,cc-by-nc,https://static.inaturalist.org/sounds/362584.m4a?1645939919,audio/362584.m4a
107549033,2910794,7513,Thryothorus ludovicianus,Carolina Wren,362655,cc-by-nc,https://static.inaturalist.org/sounds/362655.m4a?1645962305,audio/362655.m4a
107569585,851223,7513,Thryothorus ludovicianus,Carolina Wren,362841,cc0,https://static.inaturalist.org/sounds/362841.wav?1645984307,audio/362841.wav
107591959,1935877,7513,Thryothorus ludovicianus,Carolina Wren,363049,cc-by,https://static.inaturalist.org/sounds/363049.wav?1646001232,audio/363049.wav
107600980,3564162,7513,Thryothorus ludovicianus,Carolina Wren,363095,cc-by-nc,https://static.inaturalist.org/sounds/363095.m4a?1646008817,audio/363095.m4a
107611395,86246,7513,Thryothorus ludovicianus,Carolina Wren,363161,cc-by-nc,https://static.inaturalist.org/sounds/363161.m4a?1646018679,audio/363161.m4a
107637751,3564162,7513,Thryothorus ludovicianus,Carolina Wren,363334,cc-by-nc,https://static.inaturalist.org/sounds/363334.m4a?1646061540,audio/363334.m4a
107649417,16744,7513,Thryothorus ludovicianus,Carolina Wren,363416,cc-by-nc,https://static.inaturalist.org/sounds/363416.m4a?1646075066,audio/363416.m4a
107649941,37031,7513,Thryothorus ludovicianus,Carolina Wren,363420,cc-by-nc,https://static.inaturalist.org/sounds/363420.m4a?1646075650,audio/363420.m4a
107653500,3154933,7513,Thryothorus ludovicianus,Carolina Wren,363443,cc-by-nc,https://static.inaturalist.org/sounds/363443.m4a?1646079343,audio/363443.m4a
107696115,2472016,7513,Thryothorus ludovicianus,Carolina Wren,363767,cc0,https://static.inaturalist.org/sounds/363767.wav?1646140259,audio/363767.wav
107699147,157371,7513,Thryothorus ludovicianus,Carolina Wren,363792,cc-by-nc,https://static.inaturalist.org/sounds/363792.m4a?1646145396,audio/363792.m4a
107708560,1630237,7513,Thryothorus ludovicianus,Carolina Wren,363870,cc-by-nc,https://static.inaturalist.org/sounds/363870.wav?1646156390,audio/363870.wav
107712444,131068,7513,Thryothorus ludovicianus,Carolina Wren,363923,cc-by-nc,https://static.inaturalist.org/sounds/363923.wav?1646160453,audio/363923.wav
107760178,4124763,7513,Thryothorus ludovicianus,Carolina Wren,364225,cc-by-nc,https://static.inaturalist.org/sounds/364225.wav?1646228743,audio/364225.wav
107762665,106768,7513,Thryothorus ludovicianus,Carolina Wren,364259,cc-by-nc,https://static.inaturalist.org/sounds/364259.m4a?1646232452,audio/364259.m4a
107762802,157371,7513,Thryothorus ludovicianus,Carolina Wren,364260,cc-by-nc,https://static.inaturalist.org/sounds/364260.m4a?1646232704,audio/364260.m4a
107766025,3564162,7513,Thryothorus ludovicianus,Carolina Wren,364296,cc-by-nc,https://static.inaturalist.org/sounds/364296.m4a?1646236901,audio/364296.m4a
107767393,4149055,7513,Thryothorus ludovicianus,Carolina Wren,364304,cc-by-nc,https://static.inaturalist.org/sounds/364304.mp3?1646238167,audio/364304.mp3
107776857,5318402,7513,Thryothorus ludovicianus,Carolina Wren,364401,cc-by-nc,https://static.inaturalist.org/sounds/364401.m4a?1646247421,audio/364401.m4a
107784165,5364164,7513,Thryothorus ludovicianus,Carolina Wren,364435,cc-by-nc,https://static.inaturalist.org/sounds/364435.wav?1646255495,audio/364435.wav
107798832,1409076,7513,Thryothorus ludovicianus,Carolina Wren,364556,cc-by-nc,https://static.inaturalist.org/sounds/364556.mp3?1646270812,audio/364556.mp3
107827354,2472016,7513,Thryothorus ludovicianus,Carolina Wren,364790,cc0,https://static.inaturalist.org/sounds/364790.wav?1646322568,audio/364790.wav
107831493,1849425,7513,Thryothorus ludovicianus,Carolina Wren,364824,cc-by-nc,https://static.inaturalist.org/sounds/364824.wav?1646326975,audio/364824.wav
107832578,227249,7513,Thryothorus ludovicianus,Carolina Wren,364831,cc-by-nc,https://static.inaturalist.org/sounds/364831.mp3?1646328009,audio/364831.mp3
107832663,227249,7513,Thryothorus ludovicianus,Carolina Wren,364832,cc-by-nc,https://static.inaturalist.org/sounds/364832.mpga?1646328166,audio/364832.mpga
107835002,1817300,7513,Thryothorus ludovicianus,Carolina Wren,364867,cc-by-nc,https://static.inaturalist.org/sounds/364867.m4a?1646330962,audio/364867.m4a
107881300,3489284,7513,Thryothorus ludovicianus,Carolina Wren,365246,cc-by-nc,https://static.inaturalist.org/sounds/365246.wav?1646398043,audio/365246.wav
107885913,5356506,7513,Thryothorus ludovicianus,Carolina Wren,365287,cc-by-nc,https://static.inaturalist.org/sounds/365287.m4a?1646404713,audio/365287.m4a
107906579,3739326,7513,Thryothorus ludovicianus,Carolina Wren,365235,cc0,https://static.inaturalist.org/sounds/365235.m4a?1646394084,audio/365235.m4a
107930620,3564162,7513,Thryothorus ludovicianus,Carolina Wren,365645,cc-by-nc,https://static.inaturalist.org/sounds/365645.m4a?1646455806,audio/365645.m4a
107942791,2150359,7513,Thryothorus ludovicianus,Carolina Wren,365720,cc-by,https://static.inaturalist.org/sounds/365720.m4a?1646482473,audio/365720.m4a
107946254,302852,7513,Thryothorus ludovicianus,Carolina Wren,365746,cc-by-nc,https://static.inaturalist.org/sounds/365746.m4a?1646487963,audio/365746.m4a
107948599,1581645,7513,Thryothorus ludovicianus,Carolina Wren,365768,cc-by,https://static.inaturalist.org/sounds/365768.wav?1646490810,audio/365768.wav
107949129,3153770,7513,Thryothorus ludovicianus,Carolina Wren,365769,cc-by-nc,https://static.inaturalist.org/sounds/365769.m4a?1646491345,audio/365769.m4a
107978498,4014802,7513,Thryothorus ludovicianus,Carolina Wren,366007,cc0,https://static.inaturalist.org/sounds/366007.wav?1646517345,audio/366007.wav
107982926,93120,7513,Thryothorus ludovicianus,Carolina Wren,366103,cc-by,https://static.inaturalist.org/sounds/366103.wav?1646528743,audio/366103.wav
107982975,93120,7513,Thryothorus ludovicianus,Carolina Wren,366113,cc-by,https://static.inaturalist.org/sounds/366113.wav?1646529628,audio/366113.wav
107993081,93120,7513,Thryothorus ludovicianus,Carolina Wren,366121,cc-by,https://static.inaturalist.org/sounds/366121.wav?1646530153,audio/366121.wav
108021897,3335065,7513,Thryothorus ludovicianus,Carolina Wren,366310,cc-by-nc,https://static.inaturalist.org/sounds/366310.m4a?1646572959,audio/366310.m4a
108021943,157371,7513,Thryothorus ludovicianus,Carolina Wren,366311,cc-by-nc,https://static.inaturalist.org/sounds/366311.m4a?1646573025,audio/366311.m4a
108031640,2059238,7513,Thryothorus ludovicianus,Carolina Wren,366416,cc-by-nc,https://static.inaturalist.org/sounds/366416.mp3?1646580614,audio/366416.mp3
108032915,4014802,7513,Thryothorus ludovicianus,Carolina Wren,366469,cc0,https://static.inaturalist.org/sounds/366469.wav?1646584183,audio/366469.wav
108042141,2494062,7513,Thryothorus ludovicianus,Carolina Wren,366560,cc-by-nc,https://static.inaturalist.org/sounds/366560.m4a?1646591417,audio/366560.m4a
108054307,4849868,7513,Thryothorus ludovicianus,Carolina Wren,366869,cc-by-nc,https://static.inaturalist.org/sounds/366869.m4a?1646616230,audio/366869.m4a
108063994,3564162,7513,Thryothorus ludovicianus,Carolina Wren,366739,cc-by-nc,https://static.inaturalist.org/sounds/366739.m4a?1646606634,audio/366739.m4a
108078794,576092,7513,Thryothorus ludovicianus,Carolina Wren,366892,cc-by,https://static.inaturalist.org/sounds/366892.m4a?1646618566,audio/366892.m4a
108081515,93120,7513,Thryothorus ludovicianus,Carolina Wren,367396,cc-by,https://static.inaturalist.org/sounds/367396.wav?1646697896,audio/367396.wav
108081642,93120,7513,Thryothorus ludovicianus,Carolina Wren,367405,cc-by,https://static.inaturalist.org/sounds/367405.wav?1646699826,audio/367405.wav
108086985,424633,7513,Thryothorus ludovicianus,Carolina Wren,366955,cc0,https://static.inaturalist.org/sounds/366955.wav?1646626136,audio/366955.wav
108109241,2438737,7513,Thryothorus ludovicianus,Carolina Wren,367098,cc-by-nc,https://static.inaturalist.org/sounds/367098.wav?1646664447,audio/367098.wav
108120919,1985539,7513,Thryothorus ludovicianus,Carolina Wren,367199,cc-by,https://static.inaturalist.org/sounds/367199.m4a?1646675923,audio/367199.m4a
108129814,5267469,7513,Thryothorus ludovicianus,Carolina Wren,367270,cc-by-nc,https://static.inaturalist.org/sounds/367270.m4a?1646684033,audio/367270.m4a
108139262,622252,7513,Thryothorus ludovicianus,Carolina Wren,367363,cc-by-nc,https://static.inaturalist.org/sounds/367363.m4a?1646693050,audio/367363.m4a
108140349,622252,7513,Thryothorus ludovicianus,Carolina Wren,367365,cc-by-nc,https://static.inaturalist.org/sounds/367365.m4a?1646693972,audio/367365.m4a
108140627,622252,7513,Thryothorus ludovicianus,Carolina Wren,367367,cc-by-nc,https://static.inaturalist.org/sounds/367367.m4a?1646694345,audio/367367.m4a
108145204,1110667,7513,Thryothorus ludovicianus,Carolina Wren,367403,cc-by-nc-sa,https://static.inaturalist.org/sounds/367403.wav?1646699621,audio/367403.wav
108145397,1110667,7513,Thryothorus ludovicianus,Carolina Wren,367407,cc-by-nc-sa,https://static.inaturalist.org/sounds/367407.wav?1646699880,audio/367407.wav
108178132,5330135,7513,Thryothorus ludovicianus,Carolina Wren,367670,cc-by-nc,https://static.inaturalist.org/sounds/367670.m4a?1646754232,audio/367670.m4a
108185850,217223,7513,Thryothorus ludovicianus,Carolina Wren,367725,cc-by-nc,https://static.inaturalist.org/sounds/367725.m4a?1646762419,audio/367725.m4a
108191059,735976,7513,Thryothorus ludovicianus,Carolina Wren,367766,cc-by-nc,https://static.inaturalist.org/sounds/367766.m4a?1646767597,audio/367766.m4a
108203557,588853,7513,Thryothorus ludovicianus,Carolina Wren,367871,cc-by-nc,https://static.inaturalist.org/sounds/367871.m4a?1646778985,audio/367871.m4a
108231096,4463485,7513,Thryothorus ludovicianus,Carolina Wren,368065,cc-by-nc,https://static.inaturalist.org/sounds/368065.m4a?1646823534,audio/368065.m4a
108236014,3314770,7513,Thryothorus ludovicianus,Carolina Wren,368092,cc-by-nc,https://static.inaturalist.org/sounds/368092.m4a?1646832567,audio/368092.m4a
108236776,2853703,7513,Thryothorus ludovicianus,Carolina Wren,368104,cc-by-nc,https://static.inaturalist.org/sounds/368104.wav?1646833730,audio/368104.wav
108237077,1398890,7513,Thryothorus ludovicianus,Carolina Wren,368107,cc-by-nc,https://static.inaturalist.org/sounds/368107.m4a?1646834134,audio/368107.m4a
108237453,4235659,7513,Thryothorus ludovicianus,Carolina Wren,368129,cc-by-nc,https://static.inaturalist.org/sounds/368129.wav?1646834723,audio/368129.wav
108250171,157371,7513,Thryothorus ludovicianus,Carolina Wren,368185,cc-by-nc,https://static.inaturalist.org/sounds/368185.m4a?1646849743,audio/368185.m4a
108260057,5388398,7513,Thryothorus ludovicianus,Carolina Wren,368258,cc-by-nc,https://static.inaturalist.org/sounds/368258.m4a?1646860358,audio/368258.m4a
108260553,740872,7513,Thryothorus ludovicianus,Carolina Wren,368259,cc-by-nc,https://static.inaturalist.org/sounds/368259.mp3?1646860623,audio/368259.mp3
108273412,3564162,7513,Thryothorus ludovicianus,Carolina Wren,368333,cc-by-nc,https://static.inaturalist.org/sounds/368333.m4a?1646873582,audio/368333.m4a
108300629,735976,7513,Thryothorus ludovicianus,Carolina Wren,368502,cc-by-nc,https://static.inaturalist.org/sounds/368502.m4a?1646920568,audio/368502.m4a
108306971,2644171,7513,Thryothorus ludovicianus,Carolina Wren,368597,cc-by-nc,https://static.inaturalist.org/sounds/368597.m4a?1646928442,audio/368597.m4a
108319788,410175,7513,Thryothorus ludovicianus,Carolina Wren,368698,cc-by-nc,https://static.inaturalist.org/sounds/368698.wav?1646941233,audio/368698.wav
108330073,4014802,7513,Thryothorus ludovicianus,Carolina Wren,368803,cc0,https://static.inaturalist.org/sounds/368803.wav?1646951522,audio/368803.wav
108365746,2750358,7513,Thryothorus ludovicianus,Carolina Wren,369092,cc-by-nc,https://static.inaturalist.org/sounds/369092.m4a?1647011295,audio/369092.m4a
108367487,1398890,7513,Thryothorus ludovicianus,Carolina Wren,369112,cc-by-nc,https://static.inaturalist.org/sounds/369112.m4a?1647013295,audio/369112.m4a
108370305,3583839,7513,Thryothorus ludovicianus,Carolina Wren,369128,cc-by-nc,https://static.inaturalist.org/sounds/369128.mp3?1647015856,audio/369128.mp3
108373808,5267469,7513,Thryothorus ludovicianus,Carolina Wren,369156,cc-by-nc,https://static.inaturalist.org/sounds/369156.m4a?1647020375,audio/369156.m4a
108379664,1514188,7513,Thryothorus ludovicianus,Carolina Wren,369227,cc-by,https://static.inaturalist.org/sounds/369227.wav?1647026551,audio/369227.wav
108390277,2494062,7513,Thryothorus ludovicianus,Carolina Wren,369332,cc-by-nc,https://static.inaturalist.org/sounds/369332.m4a?1647037444,audio/369332.m4a
108432372,3564162,7513,Thryothorus ludovicianus,Carolina Wren,369556,cc-by-nc,https://static.inaturalist.org/sounds/369556.m4a?1647095908,audio/369556.m4a
108453565,2871991,7513,Thryothorus ludovicianus,Carolina Wren,369746,cc-by-nc,https://static.inaturalist.org/sounds/369746.m4a?1647115911,audio/369746.m4a
108456867,2687001,7513,Thryothorus ludovicianus,Carolina Wren,369776,cc-by-nc,https://static.inaturalist.org/sounds/369776.m4a?1647118816,audio/369776.m4a
108505146,157371,7513,Thryothorus ludovicianus,Carolina Wren,369979,cc-by-nc,https://static.inaturalist.org/sounds/369979.m4a?1647178969,audio/369979.m4a
108527722,18327,7513,Thryothorus ludovicianus,Carolina Wren,370140,cc0,https://static.inaturalist.org/sounds/370140.m4a?1647199549,audio/370140.m4a
108532608,4464211,7513,Thryothorus ludovicianus,Carolina Wren,370156,cc-by-nc,https://static.inaturalist.org/sounds/370156.wav?1647202922,audio/370156.wav
108535007,93120,7513,Thryothorus ludovicianus,Carolina Wren,370221,cc-by,https://static.inaturalist.org/sounds/370221.wav?1647208072,audio/370221.wav
108542597,851223,7513,Thryothorus ludovicianus,Carolina Wren,370242,cc0,https://static.inaturalist.org/sounds/370242.wav?1647210940,audio/370242.wav
108588001,5018080,7513,Thryothorus ludovicianus,Carolina Wren,370559,cc-by-nc,https://static.inaturalist.org/sounds/370559.m4a?1647269408,audio/370559.m4a
108596926,2438737,7513,Thryothorus ludovicianus,Carolina Wren,370682,cc-by-nc,https://static.inaturalist.org/sounds/370682.wav?1647279256,audio/370682.wav
108600182,43591,7513,Thryothorus ludovicianus,Carolina Wren,370724,cc-by-sa,https://static.inaturalist.org/sounds/370724.m4a?1647282537,audio/370724.m4a
108617333,2494062,7513,Thryothorus ludovicianus,Carolina Wren,370899,cc-by-nc,https://static.inaturalist.org/sounds/370899.m4a?1647298511,audio/370899.m4a
108621328,5338532,7513,Thryothorus ludovicianus,Carolina Wren,370926,cc-by-nc,https://static.inaturalist.org/sounds/370926.m4a?1647302302,audio/370926.m4a
108621814,3675592,7513,Thryothorus ludovicianus,Carolina Wren,370938,cc-by-nc,https://static.inaturalist.org/sounds/370938.wav?1647302919,audio/370938.wav
108649241,20024,7513,Thryothorus ludovicianus,Carolina Wren,371095,cc-by-nc,https://static.inaturalist.org/sounds/371095.m4a?1647346202,audio/371095.m4a
108652146,1398890,7513,Thryothorus ludovicianus,Carolina Wren,371149,cc-by-nc,https://static.inaturalist.org/sounds/371149.m4a?1647350835,audio/371149.m4a
108654242,2928255,7513,Thryothorus ludovicianus,Carolina Wren,371190,cc-by-nc,https://static.inaturalist.org/sounds/371190.m4a?1647353727,audio/371190.m4a
108658718,3564162,7513,Thryothorus ludovicianus,Carolina Wren,371249,cc-by-nc,https://static.inaturalist.org/sounds/371249.m4a?1647358425,audio/371249.m4a
108658729,3564162,7513,Thryothorus ludovicianus,Carolina Wren,371251,cc-by-nc,https://static.inaturalist.org/sounds/371251.m4a?1647358460,audio/371251.m4a
108662802,2116455,7513,Thryothorus ludovicianus,Carolina Wren,371278,cc-by-nc-sa,https://static.inaturalist.org/sounds/371278.mp3?1647361788,audio/371278.mp3
108662807,2116455,7513,Thryothorus ludovicianus,Carolina Wren,371292,cc-by-nc-sa,https://static.inaturalist.org/sounds/371292.mp3?1647362637,audio/371292.mp3
108662859,1801759,7513,Thryothorus ludovicianus,Carolina Wren,371296,cc-by-nc,https://static.inaturalist.org/sounds/371296.m4a?1647362789,audio/371296.m4a
108675628,5267469,7513,Thryothorus ludovicianus,Carolina Wren,371437,cc-by-nc,https://static.inaturalist.org/sounds/371437.m4a?1647374684,audio/371437.m4a
108678363,2370039,7513,Thryothorus ludovicianus,Carolina Wren,371478,cc-by-nc,https://static.inaturalist.org/sounds/371478.m4a?1647377218,audio/371478.m4a
108682437,1434101,7513,Thryothorus ludovicianus,Carolina Wren,371512,cc0,https://static.inaturalist.org/sounds/371512.m4a?1647380010,audio/371512.m4a
108687684,1553336,7513,Thryothorus ludovicianus,Carolina Wren,371547,cc-by-nc,https://static.inaturalist.org/sounds/371547.m4a?1647385018,audio/371547.m4a
108695996,410175,7513,Thryothorus ludovicianus,Carolina Wren,371651,cc-by-nc,https://static.inaturalist.org/sounds/371651.wav?1647392555,audio/371651.wav
108698984,3564162,7513,Thryothorus ludovicianus,Carolina Wren,371669,cc-by-nc,https://static.inaturalist.org/sounds/371669.m4a?1647395548,audio/371669.m4a
108703994,4149055,7513,Thryothorus ludovicianus,Carolina Wren,371713,cc-by-nc,https://static.inaturalist.org/sounds/371713.wav?1647400607,audio/371713.wav
108722611,746176,7513,Thryothorus ludovicianus,Carolina Wren,371881,cc-by,https://static.inaturalist.org/sounds/371881.m4a?1647436566,audio/371881.m4a
108726290,5217411,7513,Thryothorus ludovicianus,Carolina Wren,371929,cc-by-nc,https://static.inaturalist.org/sounds/371929.mp3?1647441077,audio/371929.mp3
108740533,224100,7513,Thryothorus ludovicianus,Carolina Wren,372115,cc-by-nc,https://static.inaturalist.org/sounds/372115.m4a?1647455608,audio/372115.m4a
108751175,285290,7513,Thryothorus ludovicianus,Carolina Wren,372191,cc-by-nc,https://static.inaturalist.org/sounds/372191.m4a?1647464112,audio/372191.m4a
108755352,432801,7513,Thryothorus ludovicianus,Carolina Wren,372237,cc-by-nc,https://static.inaturalist.org/sounds/372237.wav?1647467346,audio/372237.wav
108757451,4156060,7513,Thryothorus ludovicianus,Carolina Wren,372253,cc-by-nc,https://static.inaturalist.org/sounds/372253.m4a?1647469277,audio/372253.m4a
108763646,3314770,7513,Thryothorus ludovicianus,Carolina Wren,372302,cc-by-nc,https://static.inaturalist.org/sounds/372302.m4a?1647474677,audio/372302.m4a
31326367,902767,12716,Turdus merula,Eurasian Blackbird,45927,cc-by-nc,https://static.inaturalist.org/sounds/45927.wav?1566529000,audio/45927.wav
31327194,902767,12716,Turdus merula,Eurasian Blackbird,45932,cc-by-nc,https://static.inaturalist.org/sounds/45932.wav?1566530398,audio/45932.wav
31387057,1481828,12716,Turdus merula,Eurasian Blackbird,45978,cc-by-nc,https://static.inaturalist.org/sounds/45978.wav?1566623954,audio/45978.wav
32181984,1527518,12716,Turdus merula,Eurasian Blackbird,46628,cc-by-nc,https://static.inaturalist.org/sounds/46628.wav?1567713782,audio/46628.wav
32348095,2051512,12716,Turdus merula,Eurasian Blackbird,46768,cc-by-nc,https://static.inaturalist.org/sounds/46768.m4a?1648759256,audio/46768.m4a
32457950,1795824,12716,Turdus merula,Eurasian Blackbird,46854,cc-by-nc,https://static.inaturalist.org/sounds/46854.mp3?1568108819,audio/46854.mp3
32492774,2073795,12716,Turdus merula,Eurasian Blackbird,46878,cc-by-nc,https://static.inaturalist.org/sounds/46878.mp3?1568150250,audio/46878.mp3
32991813,2073791,12716,Turdus merula,Eurasian Blackbird,47228,cc-by-nc,https://static.inaturalist.org/sounds/47228.wav?1568863739,audio/47228.wav
33247107,1481828,12716,Turdus merula,Eurasian Blackbird,47417,cc-by-nc,https://static.inaturalist.org/sounds/47417.wav?1569223983,audio/47417.wav
33247904,1481828,12716,Turdus merula,Eurasian Blackbird,47423,cc-by-nc,https://static.inaturalist.org/sounds/47423.wav?1569228003,audio/47423.wav
33944307,1527518,12716,Turdus merula,Eurasian Blackbird,48015,cc-by-nc,https://static.inaturalist.org/sounds/48015.wav?1570362959,audio/48015.wav
35603857,1411960,12716,Turdus merula,Eurasian Blackbird,50251,cc-by-nc,https://static.inaturalist.org/sounds/50251.wav?1573556274,audio/50251.wav
35810247,2020175,12716,Turdus merula,Eurasian Blackbird,50609,cc-by-nc,https://static.inaturalist.org/sounds/50609.wav?1574060579,audio/50609.wav
36061623,63043,12716,Turdus merula,Eurasian Blackbird,51111,cc-by-nc,https://static.inaturalist.org/sounds/51111.m4a?1574696980,audio/51111.m4a
36311983,227941,12716,Turdus merula,Eurasian Blackbird,51648,cc-by-nc,https://static.inaturalist.org/sounds/51648.wav?1575355219,audio/51648.wav
36704087,1411960,12716,Turdus merula,Eurasian Blackbird,52899,cc-by-nc,https://static.inaturalist.org/sounds/52899.wav?1576512032,audio/52899.wav
36704421,1411960,12716,Turdus merula,Eurasian Blackbird,52904,cc-by-nc,https://static.inaturalist.org/sounds/52904.wav?1576513246,audio/52904.wav
36710115,1527518,12716,Turdus merula,Eurasian Blackbird,52908,cc-by-nc,https://static.inaturalist.org/sounds/52908.wav?1576526757,audio/52908.wav
37310674,1527518,12716,Turdus merula,Eurasian Blackbird,54136,cc-by-nc,https://static.inaturalist.org/sounds/54136.wav?1578254740,audio/54136.wav
37682918,2510479,12716,Turdus merula,Eurasian Blackbird,55109,cc-by-nc,https://static.inaturalist.org/sounds/55109.mp3?1579280053,audio/55109.mp3
37871215,2543683,12716,Turdus merula,Eurasian Blackbird,55638,cc-by-nc,https://static.inaturalist.org/sounds/55638.wav?1579871296,audio/55638.wav
38050912,1342851,12716,Turdus merula,Eurasian Blackbird,55990,cc-by-nc,https://static.inaturalist.org/sounds/55990.mp3?1580189013,audio/55990.mp3
38085686,97361,12716,Turdus merula,Eurasian Blackbird,56068,cc-by-nc,https://static.inaturalist.org/sounds/56068.m4a?1580293748,audio/56068.m4a
38304124,2566752,12716,Turdus merula,Eurasian Blackbird,56781,cc-by-nc,https://static.inaturalist.org/sounds/56781.m4a?1580846927,audio/56781.m4a
38304125,2566752,12716,Turdus merula,Eurasian Blackbird,56782,cc-by-nc,https://static.inaturalist.org/sounds/56782.m4a?1580846930,audio/56782.m4a
38304126,2566752,12716,Turdus merula,Eurasian Blackbird,56788,cc-by-nc,https://static.inaturalist.org/sounds/56788.m4a?1580847134,audio/56788.m4a
38352267,1100791,12716,Turdus merula,Eurasian Blackbird,57046,cc-by,https://static.inaturalist.org/sounds/57046.mp3?1580969769,audio/57046.mp3
38546092,1409524,12716,Turdus merula,Eurasian Blackbird,57537,cc-by-nc,https://static.inaturalist.org/sounds/57537.mp3?1581451946,audio/57537.mp3
38715328,2510479,12716,Turdus merula,Eurasian Blackbird,57986,cc-by-nc,https://static.inaturalist.org/sounds/57986.mp3?1581873731,audio/57986.mp3
38996658,1409524,12716,Turdus merula,Eurasian Blackbird,58508,cc-by-nc,https://static.inaturalist.org/sounds/58508.mp3?1582312637,audio/58508.mp3
39178494,1409524,12716,Turdus merula,Eurasian Blackbird,58806,cc-by-nc,https://static.inaturalist.org/sounds/58806.mp3?1582576330,audio/58806.mp3
39451843,2071613,12716,Turdus merula,Eurasian Blackbird,59630,cc-by,https://static.inaturalist.org/sounds/59630.m4a?1583163710,audio/59630.m4a
39454259,945323,12716,Turdus merula,Eurasian Blackbird,59638,cc-by-nc,https://static.inaturalist.org/sounds/59638.m4a?1583167412,audio/59638.m4a
39567157,2112813,12716,Turdus merula,Eurasian Blackbird,60054,cc-by-nc,https://static.inaturalist.org/sounds/60054.m4a?1583405649,audio/60054.m4a
39604829,500531,12716,Turdus merula,Eurasian Blackbird,60253,cc-by-nc,https://static.inaturalist.org/sounds/60253.wav?1583486555,audio/60253.wav
39656150,1527518,12716,Turdus merula,Eurasian Blackbird,60454,cc-by-nc,https://static.inaturalist.org/sounds/60454.wav?1583603014,audio/60454.wav
39688479,989581,12716,Turdus merula,Eurasian Blackbird,60520,cc-by-nc-sa,https://static.inaturalist.org/sounds/60520.wav?1583645009,audio/60520.wav
39943087,2461370,12716,Turdus merula,Eurasian Blackbird,61452,cc-by-nc,https://static.inaturalist.org/sounds/61452.wav?1584138809,audio/61452.wav
40193102,1409524,12716,Turdus merula,Eurasian Blackbird,62384,cc-by-nc,https://static.inaturalist.org/sounds/62384.mp3?1584557966,audio/62384.mp3
40240967,614374,12716,Turdus merula,Eurasian Blackbird,62592,cc-by-nc,https://static.inaturalist.org/sounds/62592.m4a?1584638087,audio/62592.m4a
40283817,999066,12716,Turdus merula,Eurasian Blackbird,62724,cc-by,https://static.inaturalist.org/sounds/62724.wav?1584692851,audio/62724.wav
40288146,999066,12716,Turdus merula,Eurasian Blackbird,62734,cc-by,https://static.inaturalist.org/sounds/62734.mp3?1584706653,audio/62734.mp3
40292416,999066,12716,Turdus merula,Eurasian Blackbird,62759,cc-by,https://static.inaturalist.org/sounds/62759.wav?1584714235,audio/62759.wav
40348585,999066,12716,Turdus merula,Eurasian Blackbird,62929,cc-by,https://static.inaturalist.org/sounds/62929.wav?1584776685,audio/62929.wav
40389774,2489493,12716,Turdus merula,Eurasian Blackbird,63028,cc-by-nc,https://static.inaturalist.org/sounds/63028.mp3?1584818766,audio/63028.mp3
40504099,2489493,12716,Turdus merula,Eurasian Blackbird,63169,cc-by-nc,https://static.inaturalist.org/sounds/63169.mp3?1584863435,audio/63169.mp3
40505331,999066,12716,Turdus merula,Eurasian Blackbird,63170,cc-by,https://static.inaturalist.org/sounds/63170.wav?1584863841,audio/63170.wav
40509175,999066,12716,Turdus merula,Eurasian Blackbird,63178,cc-by,https://static.inaturalist.org/sounds/63178.wav?1584866110,audio/63178.wav
40532903,2447213,12716,Turdus merula,Eurasian Blackbird,63255,cc-by-nc,https://static.inaturalist.org/sounds/63255.m4a?1584898561,audio/63255.m4a
40542497,281244,12716,Turdus merula,Eurasian Blackbird,63315,cc-by-nc,https://static.inaturalist.org/sounds/63315.mp3?1584906731,audio/63315.mp3
40546135,2461370,12716,Turdus merula,Eurasian Blackbird,63342,cc-by-nc,https://static.inaturalist.org/sounds/63342.wav?1584909690,audio/63342.wav
40632016,2643331,12716,Turdus merula,Eurasian Blackbird,63607,cc0,https://static.inaturalist.org/sounds/63607.m4a?1585050580,audio/63607.m4a
40897012,1453678,12716,Turdus merula,Eurasian Blackbird,64597,cc-by-nc,https://static.inaturalist.org/sounds/64597.mp3?1585417063,audio/64597.mp3
40947261,2668650,12716,Turdus merula,Eurasian Blackbird,64987,cc-by-nc,https://static.inaturalist.org/sounds/64987.mp3?1585469169,audio/64987.mp3
40974397,1436680,12716,Turdus merula,Eurasian Blackbird,65129,cc0,https://static.inaturalist.org/sounds/65129.wav?1585503688,audio/65129.wav
41025507,2687679,12716,Turdus merula,Eurasian Blackbird,65294,cc-by-nc,https://static.inaturalist.org/sounds/65294.m4a?1585563296,audio/65294.m4a
41056219,1409524,12716,Turdus merula,Eurasian Blackbird,65372,cc-by-nc,https://static.inaturalist.org/sounds/65372.mp3?1585591537,audio/65372.mp3
41091224,2688627,12716,Turdus merula,Eurasian Blackbird,65560,cc-by-nc,https://static.inaturalist.org/sounds/65560.m4a?1585630655,audio/65560.m4a
41106135,945323,12716,Turdus merula,Eurasian Blackbird,65634,cc-by-nc,https://static.inaturalist.org/sounds/65634.m4a?1585666732,audio/65634.m4a
41120421,2447213,12716,Turdus merula,Eurasian Blackbird,65689,cc-by-nc,https://static.inaturalist.org/sounds/65689.m4a?1585680484,audio/65689.m4a
41179064,2671840,12716,Turdus merula,Eurasian Blackbird,65878,cc-by-nc,https://static.inaturalist.org/sounds/65878.m4a?1585766201,audio/65878.m4a
41223490,1409524,12716,Turdus merula,Eurasian Blackbird,65994,cc-by-nc,https://static.inaturalist.org/sounds/65994.mp3?1585829605,audio/65994.mp3
41257264,29729,12716,Turdus merula,Eurasian Blackbird,66095,cc-by-nc,https://static.inaturalist.org/sounds/66095.m4a?1585863370,audio/66095.m4a
41293636,932299,12716,Turdus merula,Eurasian Blackbird,66201,cc-by-nc,https://static.inaturalist.org/sounds/66201.mp3?1585922179,audio/66201.mp3
41346298,999066,12716,Turdus merula,Eurasian Blackbird,66333,cc-by,https://static.inaturalist.org/sounds/66333.m4a?1585979787,audio/66333.m4a
41359203,2699434,12716,Turdus merula,Eurasian Blackbird,66390,cc-by-nc,https://static.inaturalist.org/sounds/66390.m4a?1586005809,audio/66390.m4a
41424155,999066,12716,Turdus merula,Eurasian Blackbird,66728,cc-by,https://static.inaturalist.org/sounds/66728.m4a?1586066951,audio/66728.m4a
41432892,169070,12716,Turdus merula,Eurasian Blackbird,66780,cc-by-nc,https://static.inaturalist.org/sounds/66780.mp3?1586088563,audio/66780.mp3
41466680,1453678,12716,Turdus merula,Eurasian Blackbird,66929,cc-by-nc,https://static.inaturalist.org/sounds/66929.mp3?1586112903,audio/66929.mp3
41468933,1527518,12716,Turdus merula,Eurasian Blackbird,66951,cc-by-nc,https://static.inaturalist.org/sounds/66951.wav?1586114130,audio/66951.wav
41472085,1527518,12716,Turdus merula,Eurasian Blackbird,66973,cc-by-nc,https://static.inaturalist.org/sounds/66973.wav?1586115897,audio/66973.wav
41473017,1527518,12716,Turdus merula,Eurasian Blackbird,66981,cc-by-nc,https://static.inaturalist.org/sounds/66981.wav?1586116416,audio/66981.wav
41531312,2438113,12716,Turdus merula,Eurasian Blackbird,67259,cc-by,https://static.inaturalist.org/sounds/67259.mp3?1586185299,audio/67259.mp3
41614865,2527017,12716,Turdus merula,Eurasian Blackbird,67749,cc-by-nc,https://static.inaturalist.org/sounds/67749.m4a?1586275761,audio/67749.m4a
41629307,2688612,12716,Turdus merula,Eurasian Blackbird,67795,cc-by-nc,https://static.inaturalist.org/sounds/67795.m4a?1586287062,audio/67795.m4a
41671759,2146212,12716,Turdus merula,Eurasian Blackbird,68026,cc-by-nc,https://static.inaturalist.org/sounds/68026.m4a?1586332379,audio/68026.m4a
41672336,2489493,12716,Turdus merula,Eurasian Blackbird,68031,cc-by-nc,https://static.inaturalist.org/sounds/68031.mp3?1586333991,audio/68031.mp3
41674387,147130,12716,Turdus merula,Eurasian Blackbird,68035,cc-by,https://static.inaturalist.org/sounds/68035.m4a?1586338979,audio/68035.m4a
41674808,1453678,12716,Turdus merula,Eurasian Blackbird,68036,cc-by-nc,https://static.inaturalist.org/sounds/68036.mp3?1586339488,audio/68036.mp3
41682859,1611161,12716,Turdus merula,Eurasian Blackbird,68086,cc-by-nc,https://static.inaturalist.org/sounds/68086.m4a?1586354315,audio/68086.m4a
41716052,2725738,12716,Turdus merula,Eurasian Blackbird,68281,cc-by-nc,https://static.inaturalist.org/sounds/68281.m4a?1586380763,audio/68281.m4a
41716854,1387615,12716,Turdus merula,Eurasian Blackbird,68294,cc-by,https://static.inaturalist.org/sounds/68294.m4a?1586381868,audio/68294.m4a
41743726,1453678,12716,Turdus merula,Eurasian Blackbird,69434,cc-by-nc,https://static.inaturalist.org/sounds/69434.mp3?1586673308,audio/69434.mp3
41748600,2666117,12716,Turdus merula,Eurasian Blackbird,68473,cc-by-sa,https://static.inaturalist.org/sounds/68473.wav?1586423365,audio/68473.wav
41765552,1744563,12716,Turdus merula,Eurasian Blackbird,68563,cc-by,https://static.inaturalist.org/sounds/68563.m4a?1586448926,audio/68563.m4a
41814170,147130,12716,Turdus merula,Eurasian Blackbird,68745,cc-by,https://static.inaturalist.org/sounds/68745.m4a?1586516282,audio/68745.m4a
41825789,468057,12716,Turdus merula,Eurasian Blackbird,68795,cc-by-nc,https://static.inaturalist.org/sounds/68795.wav?1586530148,audio/68795.wav
41838663,2254300,12716,Turdus merula,Eurasian Blackbird,68847,cc-by,https://static.inaturalist.org/sounds/68847.wav?1586540176,audio/68847.wav
41908034,264427,12716,Turdus merula,Eurasian Blackbird,69155,cc-by-nc,https://static.inaturalist.org/sounds/69155.mp3?1586617964,audio/69155.mp3
41924172,1608051,12716,Turdus merula,Eurasian Blackbird,69242,cc0,https://static.inaturalist.org/sounds/69242.mp3?1586629209,audio/69242.mp3
41940665,1387615,12716,Turdus merula,Eurasian Blackbird,69295,cc-by,https://static.inaturalist.org/sounds/69295.m4a?1586638375,audio/69295.m4a
41979269,1453678,12716,Turdus merula,Eurasian Blackbird,69447,cc-by-nc,https://static.inaturalist.org/sounds/69447.mp3?1586674543,audio/69447.mp3
41992550,2651806,12716,Turdus merula,Eurasian Blackbird,69523,cc-by-nc,https://static.inaturalist.org/sounds/69523.wav?1586697392,audio/69523.wav
42009537,1522651,12716,Turdus merula,Eurasian Blackbird,69605,cc-by-nc,https://static.inaturalist.org/sounds/69605.m4a?1586710673,audio/69605.m4a
42077616,1153693,12716,Turdus merula,Eurasian Blackbird,69872,cc-by-nc,https://static.inaturalist.org/sounds/69872.wav?1586772643,audio/69872.wav
42090805,2731379,12716,Turdus merula,Eurasian Blackbird,69936,cc-by-nc,https://static.inaturalist.org/sounds/69936.wav?1586789646,audio/69936.wav
42198805,2461370,12716,Turdus merula,Eurasian Blackbird,70288,cc-by-nc,https://static.inaturalist.org/sounds/70288.wav?1586904254,audio/70288.wav
42313179,614374,12716,Turdus merula,Eurasian Blackbird,70718,cc-by-nc,https://static.inaturalist.org/sounds/70718.m4a?1587048918,audio/70718.m4a
42374343,999066,12716,Turdus merula,Eurasian Blackbird,70903,cc-by,https://static.inaturalist.org/sounds/70903.m4a?1587103826,audio/70903.m4a
42380282,227941,12716,Turdus merula,Eurasian Blackbird,70934,cc-by-nc,https://static.inaturalist.org/sounds/70934.wav?1587117919,audio/70934.wav
42394576,2720838,12716,Turdus merula,Eurasian Blackbird,71029,cc-by-nc,https://static.inaturalist.org/sounds/71029.m4a?1587137439,audio/71029.m4a
42403107,464262,12716,Turdus merula,Eurasian Blackbird,71066,cc-by,https://static.inaturalist.org/sounds/71066.m4a?1587144300,audio/71066.m4a
42408038,1436680,12716,Turdus merula,Eurasian Blackbird,71085,cc0,https://static.inaturalist.org/sounds/71085.wav?1587147855,audio/71085.wav
42410983,1873632,12716,Turdus merula,Eurasian Blackbird,71092,cc0,https://static.inaturalist.org/sounds/71092.wav?1587149993,audio/71092.wav
42466679,2620901,12716,Turdus merula,Eurasian Blackbird,71280,cc-by-nc,https://static.inaturalist.org/sounds/71280.m4a?1587213397,audio/71280.m4a
42469378,1145694,12716,Turdus merula,Eurasian Blackbird,71299,cc-by,https://static.inaturalist.org/sounds/71299.wav?1587216275,audio/71299.wav
42477136,2148943,12716,Turdus merula,Eurasian Blackbird,71343,cc-by-nc,https://static.inaturalist.org/sounds/71343.m4a?1587222486,audio/71343.m4a
42562258,1938167,12716,Turdus merula,Eurasian Blackbird,71666,cc-by-nc,https://static.inaturalist.org/sounds/71666.m4a?1587300115,audio/71666.m4a
42562472,1938167,12716,Turdus merula,Eurasian Blackbird,71670,cc-by-nc,https://static.inaturalist.org/sounds/71670.m4a?1587300313,audio/71670.m4a
42562481,1938167,12716,Turdus merula,Eurasian Blackbird,71671,cc-by-nc,https://static.inaturalist.org/sounds/71671.m4a?1587300319,audio/71671.m4a
42562493,1938167,12716,Turdus merula,Eurasian Blackbird,71672,cc-by-nc,https://static.inaturalist.org/sounds/71672.m4a?1587300326,audio/71672.m4a
42568866,169070,12716,Turdus merula,Eurasian Blackbird,71717,cc-by-nc,https://static.inaturalist.org/sounds/71717.mp3?1587305723,audio/71717.mp3
42588254,281244,12716,Turdus merula,Eurasian Blackbird,71800,cc-by-nc,https://static.inaturalist.org/sounds/71800.wav?1587318384,audio/71800.wav
42605515,2543683,12716,Turdus merula,Eurasian Blackbird,71845,cc-by-nc,https://static.inaturalist.org/sounds/71845.m4a?1587327679,audio/71845.m4a
42643120,1980877,12716,Turdus merula,Eurasian Blackbird,71984,cc-by,https://static.inaturalist.org/sounds/71984.m4a?1587354383,audio/71984.m4a
42655490,1453678,12716,Turdus merula,Eurasian Blackbird,72041,cc-by-nc,https://static.inaturalist.org/sounds/72041.mp3?1587377034,audio/72041.mp3
42686713,1409524,12716,Turdus merula,Eurasian Blackbird,72191,cc-by-nc,https://static.inaturalist.org/sounds/72191.mp3?1587406754,audio/72191.mp3
42691217,2489493,12716,Turdus merula,Eurasian Blackbird,72204,cc-by-nc,https://static.inaturalist.org/sounds/72204.mp3?1587409650,audio/72204.mp3
42699086,1387615,12716,Turdus merula,Eurasian Blackbird,72257,cc-by,https://static.inaturalist.org/sounds/72257.m4a?1587413915,audio/72257.m4a
42753569,464262,12716,Turdus merula,Eurasian Blackbird,72530,cc-by,https://static.inaturalist.org/sounds/72530.m4a?1587478840,audio/72530.m4a
42781213,2756179,12716,Turdus merula,Eurasian Blackbird,72649,cc-by-nc,https://static.inaturalist.org/sounds/72649.m4a?1587497625,audio/72649.m4a
42781255,2756179,12716,Turdus merula,Eurasian Blackbird,72663,cc-by-nc,https://static.inaturalist.org/sounds/72663.m4a?1587497664,audio/72663.m4a
42835913,1153693,12716,Turdus merula,Eurasian Blackbird,72886,cc-by-nc,https://static.inaturalist.org/sounds/72886.wav?1587556668,audio/72886.wav
42845328,169070,12716,Turdus merula,Eurasian Blackbird,72951,cc-by-nc,https://static.inaturalist.org/sounds/72951.mp3?1587565353,audio/72951.mp3
42846867,169070,12716,Turdus merula,Eurasian Blackbird,72968,cc-by-nc,https://static.inaturalist.org/sounds/72968.mp3?1587566515,audio/72968.mp3
42848359,169070,12716,Turdus merula,Eurasian Blackbird,72979,cc-by-nc,https://static.inaturalist.org/sounds/72979.mp3?1587567344,audio/72979.mp3
42933431,2780749,12716,Turdus merula,Eurasian Blackbird,73289,cc-by-nc,https://static.inaturalist.org/sounds/73289.wav?1587627456,audio/73289.wav
42933526,2780749,12716,Turdus merula,Eurasian Blackbird,73290,cc-by-nc,https://static.inaturalist.org/sounds/73290.wav?1587627621,audio/73290.wav
42960182,1527518,12716,Turdus merula,Eurasian Blackbird,73386,cc-by-nc,https://static.inaturalist.org/sounds/73386.wav?1587655126,audio/73386.wav
42962164,2503482,12716,Turdus merula,Eurasian Blackbird,73405,cc-by-nc,https://static.inaturalist.org/sounds/73405.m4a?1587657468,audio/73405.m4a
43027585,2698702,12716,Turdus merula,Eurasian Blackbird,73653,cc-by-nc,https://static.inaturalist.org/sounds/73653.m4a?1587702517,audio/73653.m4a
43040011,2826022,12716,Turdus merula,Eurasian Blackbird,73694,cc-by-nc,https://static.inaturalist.org/sounds/73694.m4a?1587714573,audio/73694.m4a
43040700,2620901,12716,Turdus merula,Eurasian Blackbird,73700,cc-by-nc,https://static.inaturalist.org/sounds/73700.m4a?1587715373,audio/73700.m4a
43047262,2489493,12716,Turdus merula,Eurasian Blackbird,73729,cc-by-nc,https://static.inaturalist.org/sounds/73729.mp3?1587720887,audio/73729.mp3
43047335,2489493,12716,Turdus merula,Eurasian Blackbird,73731,cc-by-nc,https://static.inaturalist.org/sounds/73731.mp3?1587720971,audio/73731.mp3
43050355,125674,12716,Turdus merula,Eurasian Blackbird,73745,cc0,https://static.inaturalist.org/sounds/73745.m4a?1587723541,audio/73745.m4a
43053559,1559585,12716,Turdus merula,Eurasian Blackbird,73759,cc-by-nc,https://static.inaturalist.org/sounds/73759.m4a?1587725851,audio/73759.m4a
43080799,169070,12716,Turdus merula,Eurasian Blackbird,73946,cc-by-nc,https://static.inaturalist.org/sounds/73946.mp3?1587737912,audio/73946.mp3
43087786,2829700,12716,Turdus merula,Eurasian Blackbird,73980,cc-by-nc,https://static.inaturalist.org/sounds/73980.wav?1587740549,audio/73980.wav
43092713,1342851,12716,Turdus merula,Eurasian Blackbird,74002,cc-by-nc,https://static.inaturalist.org/sounds/74002.wav?1587741742,audio/74002.wav
43139119,2489493,12716,Turdus merula,Eurasian Blackbird,74194,cc-by-nc,https://static.inaturalist.org/sounds/74194.mp3?1587753636,audio/74194.mp3
43271324,1488476,12716,Turdus merula,Eurasian Blackbird,74762,cc-by-nc,https://static.inaturalist.org/sounds/74762.wav?1587799144,audio/74762.wav
43291005,419580,12716,Turdus merula,Eurasian Blackbird,74888,cc0,https://static.inaturalist.org/sounds/74888.wav?1587811208,audio/74888.wav
43331121,2841634,12716,Turdus merula,Eurasian Blackbird,75062,cc-by-nc,https://static.inaturalist.org/sounds/75062.m4a?1587825381,audio/75062.m4a
43362689,1624587,12716,Turdus merula,Eurasian Blackbird,75252,cc-by,https://static.inaturalist.org/sounds/75252.wav?1587833035,audio/75252.wav
43584118,1592520,12716,Turdus merula,Eurasian Blackbird,76157,cc-by,https://static.inaturalist.org/sounds/76157.m4a?1587899156,audio/76157.m4a
43589173,2827768,12716,Turdus merula,Eurasian Blackbird,76179,cc-by-nc,https://static.inaturalist.org/sounds/76179.m4a?1587901481,audio/76179.m4a
43590837,2756179,12716,Turdus merula,Eurasian Blackbird,76187,cc-by-nc,https://static.inaturalist.org/sounds/76187.m4a?1587902013,audio/76187.m4a
43597055,1652361,12716,Turdus merula,Eurasian Blackbird,76225,cc-by,https://static.inaturalist.org/sounds/76225.wav?1587904307,audio/76225.wav
43631332,1387615,12716,Turdus merula,Eurasian Blackbird,76411,cc-by,https://static.inaturalist.org/sounds/76411.m4a?1587913108,audio/76411.m4a
43643534,2852887,12716,Turdus merula,Eurasian Blackbird,76516,cc-by-nc,https://static.inaturalist.org/sounds/76516.m4a?1587916497,audio/76516.m4a
43668182,169070,12716,Turdus merula,Eurasian Blackbird,76657,cc-by-nc,https://static.inaturalist.org/sounds/76657.mp3?1587921540,audio/76657.mp3
43672136,1376191,12716,Turdus merula,Eurasian Blackbird,76685,cc-by-nc,https://static.inaturalist.org/sounds/76685.m4a?1587922617,audio/76685.m4a
43680286,1938167,12716,Turdus merula,Eurasian Blackbird,76714,cc-by-nc,https://static.inaturalist.org/sounds/76714.m4a?1587924256,audio/76714.m4a
43680659,1938167,12716,Turdus merula,Eurasian Blackbird,76718,cc-by-nc,https://static.inaturalist.org/sounds/76718.m4a?1587924331,audio/76718.m4a
43682046,1938167,12716,Turdus merula,Eurasian Blackbird,76733,cc-by-nc,https://static.inaturalist.org/sounds/76733.m4a?1587924621,audio/76733.m4a
43690071,1938167,12716,Turdus merula,Eurasian Blackbird,76802,cc-by-nc,https://static.inaturalist.org/sounds/76802.m4a?1587926388,audio/76802.m4a
43692888,2834731,12716,Turdus merula,Eurasian Blackbird,76828,cc-by-nc,https://static.inaturalist.org/sounds/76828.m4a?1587927031,audio/76828.m4a
43815935,74872,12716,Turdus merula,Eurasian Blackbird,77328,cc0,https://static.inaturalist.org/sounds/77328.m4a?1587956195,audio/77328.m4a
43843703,2859208,12716,Turdus merula,Eurasian Blackbird,77434,cc-by-nc,https://static.inaturalist.org/sounds/77434.m4a?1587969465,audio/77434.m4a
43844874,1591903,12716,Turdus merula,Eurasian Blackbird,77451,cc-by-nc,https://static.inaturalist.org/sounds/77451.m4a?1587970214,audio/77451.m4a
43861895,169070,12716,Turdus merula,Eurasian Blackbird,77525,cc-by-nc,https://static.inaturalist.org/sounds/77525.mp3?1587982360,audio/77525.mp3
43869143,2489493,12716,Turdus merula,Eurasian Blackbird,77575,cc-by-nc,https://static.inaturalist.org/sounds/77575.mp3?1587986913,audio/77575.mp3
43869427,169070,12716,Turdus merula,Eurasian Blackbird,77571,cc-by-nc,https://static.inaturalist.org/sounds/77571.mp3?1587986679,audio/77571.mp3
43870032,1411960,12716,Turdus merula,Eurasian Blackbird,77586,cc-by-nc,https://static.inaturalist.org/sounds/77586.wav?1587987371,audio/77586.wav
43872554,1411960,12716,Turdus merula,Eurasian Blackbird,77597,cc-by-nc,https://static.inaturalist.org/sounds/77597.wav?1587988668,audio/77597.wav
43912196,1656200,12716,Turdus merula,Eurasian Blackbird,77784,cc0,https://static.inaturalist.org/sounds/77784.m4a?1588002351,audio/77784.m4a
43974076,92931,12716,Turdus merula,Eurasian Blackbird,78069,cc-by-sa,https://static.inaturalist.org/sounds/78069.mp3?1588017993,audio/78069.mp3
44152014,2816523,12716,Turdus merula,Eurasian Blackbird,78976,cc-by-nc,https://static.inaturalist.org/sounds/78976.m4a?1588097125,audio/78976.m4a
44179413,2756179,12716,Turdus merula,Eurasian Blackbird,79084,cc-by-nc,https://static.inaturalist.org/sounds/79084.m4a?1588109149,audio/79084.m4a
44222488,2740606,12716,Turdus merula,Eurasian Blackbird,79303,cc0,https://static.inaturalist.org/sounds/79303.wav?1588135999,audio/79303.wav
44239420,2874765,12716,Turdus merula,Eurasian Blackbird,79375,cc-by-nc,https://static.inaturalist.org/sounds/79375.wav?1588157684,audio/79375.wav
44256314,2867291,12716,Turdus merula,Eurasian Blackbird,79493,cc-by-nc,https://static.inaturalist.org/sounds/79493.m4a?1588172374,audio/79493.m4a
44277242,169070,12716,Turdus merula,Eurasian Blackbird,79620,cc-by-nc,https://static.inaturalist.org/sounds/79620.mp3?1588183551,audio/79620.mp3
44280538,169070,12716,Turdus merula,Eurasian Blackbird,79630,cc-by-nc,https://static.inaturalist.org/sounds/79630.mp3?1588184799,audio/79630.mp3
44284897,1360289,12716,Turdus merula,Eurasian Blackbird,79655,cc-by-nc,https://static.inaturalist.org/sounds/79655.mpga?1588187272,audio/79655.mpga
44335079,169070,12716,Turdus merula,Eurasian Blackbird,79935,cc-by-nc,https://static.inaturalist.org/sounds/79935.mp3?1588215764,audio/79935.mp3
44354913,259033,12716,Turdus merula,Eurasian Blackbird,80101,cc-by-nc,https://static.inaturalist.org/sounds/80101.m4a?1588242618,audio/80101.m4a
44356164,1103000,12716,Turdus merula,Eurasian Blackbird,80110,cc0,https://static.inaturalist.org/sounds/80110.m4a?1588244356,audio/80110.m4a
44373909,1540887,12716,Turdus merula,Eurasian Blackbird,80199,cc-by-nc,https://static.inaturalist.org/sounds/80199.m4a?1588259962,audio/80199.m4a
44373913,1540887,12716,Turdus merula,Eurasian Blackbird,80210,cc-by-nc,https://static.inaturalist.org/sounds/80210.m4a?1588260657,audio/80210.m4a
44452208,1938167,12716,Turdus merula,Eurasian Blackbird,80697,cc-by-nc,https://static.inaturalist.org/sounds/80697.m4a?1588317984,audio/80697.m4a
44452211,1938167,12716,Turdus merula,Eurasian Blackbird,80698,cc-by-nc,https://static.inaturalist.org/sounds/80698.m4a?1588317989,audio/80698.m4a
44452426,1938167,12716,Turdus merula,Eurasian Blackbird,80703,cc-by-nc,https://static.inaturalist.org/sounds/80703.m4a?1588318336,audio/80703.m4a
44452429,1938167,12716,Turdus merula,Eurasian Blackbird,80704,cc-by-nc,https://static.inaturalist.org/sounds/80704.m4a?1588318342,audio/80704.m4a
44452435,1938167,12716,Turdus merula,Eurasian Blackbird,80706,cc-by-nc,https://static.inaturalist.org/sounds/80706.m4a?1588318353,audio/80706.m4a
44452534,1938167,12716,Turdus merula,Eurasian Blackbird,80708,cc-by-nc,https://static.inaturalist.org/sounds/80708.m4a?1588318558,audio/80708.m4a
44452540,1938167,12716,Turdus merula,Eurasian Blackbird,80710,cc-by-nc,https://static.inaturalist.org/sounds/80710.m4a?1588318570,audio/80710.m4a
44452543,1938167,12716,Turdus merula,Eurasian Blackbird,80711,cc-by-nc,https://static.inaturalist.org/sounds/80711.m4a?1588318575,audio/80711.m4a
44452882,1938167,12716,Turdus merula,Eurasian Blackbird,80716,cc-by-nc,https://static.inaturalist.org/sounds/80716.m4a?1588318942,audio/80716.m4a
44452888,1938167,12716,Turdus merula,Eurasian Blackbird,80717,cc-by-nc,https://static.inaturalist.org/sounds/80717.m4a?1588318959,audio/80717.m4a
44452911,1938167,12716,Turdus merula,Eurasian Blackbird,80718,cc-by-nc,https://static.inaturalist.org/sounds/80718.m4a?1588319004,audio/80718.m4a
44453001,1938167,12716,Turdus merula,Eurasian Blackbird,80719,cc-by-nc,https://static.inaturalist.org/sounds/80719.m4a?1588319187,audio/80719.m4a
44453565,1938167,12716,Turdus merula,Eurasian Blackbird,80740,cc-by-nc,https://static.inaturalist.org/sounds/80740.m4a?1588320244,audio/80740.m4a
44453574,1938167,12716,Turdus merula,Eurasian Blackbird,80741,cc-by-nc,https://static.inaturalist.org/sounds/80741.m4a?1588320252,audio/80741.m4a
44455359,2839932,12716,Turdus merula,Eurasian Blackbird,80787,cc-by-nc,https://static.inaturalist.org/sounds/80787.m4a?1588328588,audio/80787.m4a
44456022,169070,12716,Turdus merula,Eurasian Blackbird,80760,cc-by-nc,https://static.inaturalist.org/sounds/80760.mp3?1588323990,audio/80760.mp3
44456461,169070,12716,Turdus merula,Eurasian Blackbird,80764,cc-by-nc,https://static.inaturalist.org/sounds/80764.mp3?1588324456,audio/80764.mp3
44461155,999066,12716,Turdus merula,Eurasian Blackbird,80795,cc-by,https://static.inaturalist.org/sounds/80795.m4a?1588330335,audio/80795.m4a
44465993,2886604,12716,Turdus merula,Eurasian Blackbird,80827,cc-by-nc,https://static.inaturalist.org/sounds/80827.m4a?1588335676,audio/80827.m4a
44470001,1938167,12716,Turdus merula,Eurasian Blackbird,80852,cc-by-nc,https://static.inaturalist.org/sounds/80852.m4a?1588339355,audio/80852.m4a
44470220,1938167,12716,Turdus merula,Eurasian Blackbird,80860,cc-by-nc,https://static.inaturalist.org/sounds/80860.m4a?1588339574,audio/80860.m4a
44471166,1938167,12716,Turdus merula,Eurasian Blackbird,80870,cc-by-nc,https://static.inaturalist.org/sounds/80870.m4a?1588340074,audio/80870.m4a
44471174,1938167,12716,Turdus merula,Eurasian Blackbird,80871,cc-by-nc,https://static.inaturalist.org/sounds/80871.m4a?1588340080,audio/80871.m4a
44471189,1938167,12716,Turdus merula,Eurasian Blackbird,80872,cc-by-nc,https://static.inaturalist.org/sounds/80872.m4a?1588340086,audio/80872.m4a
44471295,1938167,12716,Turdus merula,Eurasian Blackbird,80879,cc-by-nc,https://static.inaturalist.org/sounds/80879.m4a?1588340162,audio/80879.m4a
44472338,2829324,12716,Turdus merula,Eurasian Blackbird,80895,cc-by-nc,https://static.inaturalist.org/sounds/80895.m4a?1588341010,audio/80895.m4a
44492280,1938167,12716,Turdus merula,Eurasian Blackbird,81063,cc-by-nc,https://static.inaturalist.org/sounds/81063.m4a?1588352939,audio/81063.m4a
44492922,1938167,12716,Turdus merula,Eurasian Blackbird,81065,cc-by-nc,https://static.inaturalist.org/sounds/81065.m4a?1588353311,audio/81065.m4a
44492931,1938167,12716,Turdus merula,Eurasian Blackbird,81066,cc-by-nc,https://static.inaturalist.org/sounds/81066.m4a?1588353317,audio/81066.m4a
44504990,752618,12716,Turdus merula,Eurasian Blackbird,81134,cc-by-nc,https://static.inaturalist.org/sounds/81134.m4a?1588360064,audio/81134.m4a
44512094,752618,12716,Turdus merula,Eurasian Blackbird,81165,cc-by-nc,https://static.inaturalist.org/sounds/81165.m4a?1588363669,audio/81165.m4a
44571366,2832936,12716,Turdus merula,Eurasian Blackbird,81452,cc-by-nc,https://static.inaturalist.org/sounds/81452.m4a?1588414907,audio/81452.m4a
44572494,1003761,12716,Turdus merula,Eurasian Blackbird,81461,cc0,https://static.inaturalist.org/sounds/81461.mp3?1588416475,audio/81461.mp3
44575286,1409524,12716,Turdus merula,Eurasian Blackbird,81498,cc-by-nc,https://static.inaturalist.org/sounds/81498.mp3?1588419595,audio/81498.mp3
44575287,1409524,12716,Turdus merula,Eurasian Blackbird,81499,cc-by-nc,https://static.inaturalist.org/sounds/81499.mp3?1588419635,audio/81499.mp3
44580574,169070,12716,Turdus merula,Eurasian Blackbird,81546,cc-by-nc,https://static.inaturalist.org/sounds/81546.mp3?1588424124,audio/81546.mp3
44585562,999066,12716,Turdus merula,Eurasian Blackbird,81606,cc-by,https://static.inaturalist.org/sounds/81606.m4a?1588427888,audio/81606.m4a
44585946,169070,12716,Turdus merula,Eurasian Blackbird,81597,cc-by-nc,https://static.inaturalist.org/sounds/81597.mp3?1588427764,audio/81597.mp3
44597461,2854305,12716,Turdus merula,Eurasian Blackbird,81671,cc-by-nc,https://static.inaturalist.org/sounds/81671.wav?1588433963,audio/81671.wav
44602128,2832936,12716,Turdus merula,Eurasian Blackbird,81689,cc-by-nc,https://static.inaturalist.org/sounds/81689.m4a?1588436018,audio/81689.m4a
44603903,2832936,12716,Turdus merula,Eurasian Blackbird,81700,cc-by-nc,https://static.inaturalist.org/sounds/81700.m4a?1588436939,audio/81700.m4a
44608124,1003761,12716,Turdus merula,Eurasian Blackbird,81712,cc0,https://static.inaturalist.org/sounds/81712.mp3?1588438612,audio/81712.mp3
44625514,2765659,12716,Turdus merula,Eurasian Blackbird,81805,cc-by-nc,https://static.inaturalist.org/sounds/81805.m4a?1588446149,audio/81805.m4a
44632901,2461370,12716,Turdus merula,Eurasian Blackbird,81832,cc-by-nc,https://static.inaturalist.org/sounds/81832.wav?1588449134,audio/81832.wav
44634914,2461370,12716,Turdus merula,Eurasian Blackbird,81843,cc-by-nc,https://static.inaturalist.org/sounds/81843.wav?1588449923,audio/81843.wav
44638073,1917127,12716,Turdus merula,Eurasian Blackbird,81864,cc-by-nc,https://static.inaturalist.org/sounds/81864.mp3?1588451461,audio/81864.mp3
44638084,1917127,12716,Turdus merula,Eurasian Blackbird,81867,cc-by-nc,https://static.inaturalist.org/sounds/81867.mp3?1588451464,audio/81867.mp3
44639304,1038125,12716,Turdus merula,Eurasian Blackbird,81878,cc-by,https://static.inaturalist.org/sounds/81878.m4a?1588452053,audio/81878.m4a
44734194,2832936,12716,Turdus merula,Eurasian Blackbird,82368,cc-by-nc,https://static.inaturalist.org/sounds/82368.m4a?1588517622,audio/82368.m4a
44749518,169070,12716,Turdus merula,Eurasian Blackbird,82446,cc-by-nc,https://static.inaturalist.org/sounds/82446.mp3?1588523410,audio/82446.mp3
44751121,169070,12716,Turdus merula,Eurasian Blackbird,82478,cc-by-nc,https://static.inaturalist.org/sounds/82478.mp3?1588523818,audio/82478.mp3
44752252,725071,12716,Turdus merula,Eurasian Blackbird,79309,cc-by-nc,https://static.inaturalist.org/sounds/79309.m4a?1588138563,audio/79309.m4a
44755301,2618071,12716,Turdus merula,Eurasian Blackbird,82518,cc-by,https://static.inaturalist.org/sounds/82518.wav?1588525723,audio/82518.wav
44757753,1266311,12716,Turdus merula,Eurasian Blackbird,82529,cc-by-nc,https://static.inaturalist.org/sounds/82529.wav?1588526785,audio/82529.wav
44760491,2878336,12716,Turdus merula,Eurasian Blackbird,82548,cc-by-nc,https://static.inaturalist.org/sounds/82548.m4a?1588527749,audio/82548.m4a
44768351,2840451,12716,Turdus merula,Eurasian Blackbird,82565,cc-by-nc,https://static.inaturalist.org/sounds/82565.m4a?1588530669,audio/82565.m4a
44771629,1147327,12716,Turdus merula,Eurasian Blackbird,82592,cc-by-nc,https://static.inaturalist.org/sounds/82592.m4a?1588531817,audio/82592.m4a
44774068,742957,12716,Turdus merula,Eurasian Blackbird,82610,cc-by,https://static.inaturalist.org/sounds/82610.wav?1588532602,audio/82610.wav
44774273,742957,12716,Turdus merula,Eurasian Blackbird,82611,cc-by,https://static.inaturalist.org/sounds/82611.wav?1588532663,audio/82611.wav
44860696,2765779,12716,Turdus merula,Eurasian Blackbird,83091,cc-by-nc,https://static.inaturalist.org/sounds/83091.wav?1588589212,audio/83091.wav
44861056,1003761,12716,Turdus merula,Eurasian Blackbird,83095,cc0,https://static.inaturalist.org/sounds/83095.mp3?1588589749,audio/83095.mp3
44866825,1437774,12716,Turdus merula,Eurasian Blackbird,83127,cc-by-nc,https://static.inaturalist.org/sounds/83127.m4a?1588594785,audio/83127.m4a
44956820,2880227,12716,Turdus merula,Eurasian Blackbird,83562,cc-by-nc,https://static.inaturalist.org/sounds/83562.m4a?1588665432,audio/83562.m4a
44990873,169070,12716,Turdus merula,Eurasian Blackbird,83724,cc-by-nc,https://static.inaturalist.org/sounds/83724.mp3?1588698240,audio/83724.mp3
44991796,1409524,12716,Turdus merula,Eurasian Blackbird,83743,cc-by-nc,https://static.inaturalist.org/sounds/83743.mp3?1588699288,audio/83743.mp3
44993844,2870290,12716,Turdus merula,Eurasian Blackbird,83750,cc-by-nc,https://static.inaturalist.org/sounds/83750.m4a?1588700519,audio/83750.m4a
45019413,1484582,12716,Turdus merula,Eurasian Blackbird,83869,cc-by-sa,https://static.inaturalist.org/sounds/83869.mp3?1588715917,audio/83869.mp3
45105782,2666752,12716,Turdus merula,Eurasian Blackbird,84301,cc-by-nc,https://static.inaturalist.org/sounds/84301.wav?1588797891,audio/84301.wav
45145792,2746811,12716,Turdus merula,Eurasian Blackbird,84437,cc-by-nc,https://static.inaturalist.org/sounds/84437.wav?1588835058,audio/84437.wav
45155523,1979865,12716,Turdus merula,Eurasian Blackbird,84483,cc-by-nc,https://static.inaturalist.org/sounds/84483.m4a?1588850513,audio/84483.m4a
45159979,169070,12716,Turdus merula,Eurasian Blackbird,84514,cc-by-nc,https://static.inaturalist.org/sounds/84514.mp3?1588854950,audio/84514.mp3
45170863,2747064,12716,Turdus merula,Eurasian Blackbird,84580,cc-by-nc,https://static.inaturalist.org/sounds/84580.m4a?1588864741,audio/84580.m4a
45180172,169070,12716,Turdus merula,Eurasian Blackbird,84638,cc-by-nc,https://static.inaturalist.org/sounds/84638.mp3?1588870766,audio/84638.mp3
45182854,169070,12716,Turdus merula,Eurasian Blackbird,84660,cc-by-nc,https://static.inaturalist.org/sounds/84660.mp3?1588871825,audio/84660.mp3
45246591,2832936,12716,Turdus merula,Eurasian Blackbird,84960,cc-by-nc,https://static.inaturalist.org/sounds/84960.m4a?1588924962,audio/84960.m4a
45271331,1744563,12716,Turdus merula,Eurasian Blackbird,85102,cc-by,https://static.inaturalist.org/sounds/85102.m4a?1588951502,audio/85102.m4a
45284695,169070,12716,Turdus merula,Eurasian Blackbird,85152,cc-by-nc,https://static.inaturalist.org/sounds/85152.mp3?1588959043,audio/85152.mp3
45291126,419580,12716,Turdus merula,Eurasian Blackbird,85228,cc0,https://static.inaturalist.org/sounds/85228.wav?1588963350,audio/85228.wav
45296654,2666752,12716,Turdus merula,Eurasian Blackbird,85262,cc-by-nc,https://static.inaturalist.org/sounds/85262.wav?1588966946,audio/85262.wav
45337387,409268,12716,Turdus merula,Eurasian Blackbird,85521,cc-by-nc,https://static.inaturalist.org/sounds/85521.m4a?1588999168,audio/85521.m4a
45384826,2277168,12716,Turdus merula,Eurasian Blackbird,85757,cc-by-nc,https://static.inaturalist.org/sounds/85757.wav?1589045854,audio/85757.wav
45465769,1881745,12716,Turdus merula,Eurasian Blackbird,86239,cc-by-nc,https://static.inaturalist.org/sounds/86239.wav?1589108593,audio/86239.wav
45568651,1554449,12716,Turdus merula,Eurasian Blackbird,86702,cc-by-nc,https://static.inaturalist.org/sounds/86702.wav?1589177443,audio/86702.wav
45572193,1868443,12716,Turdus merula,Eurasian Blackbird,86727,cc-by-nc,https://static.inaturalist.org/sounds/86727.wav?1589184186,audio/86727.wav
45580665,169070,12716,Turdus merula,Eurasian Blackbird,86764,cc-by-nc,https://static.inaturalist.org/sounds/86764.mp3?1589197631,audio/86764.mp3
45582860,2945751,12716,Turdus merula,Eurasian Blackbird,86792,cc-by-nc,https://static.inaturalist.org/sounds/86792.m4a?1589200348,audio/86792.m4a
45582981,169070,12716,Turdus merula,Eurasian Blackbird,86786,cc-by-nc,https://static.inaturalist.org/sounds/86786.mp3?1589200330,audio/86786.mp3
45591919,126659,12716,Turdus merula,Eurasian Blackbird,86843,cc-by-nc,https://static.inaturalist.org/sounds/86843.m4a?1589208617,audio/86843.m4a
45606594,1917127,12716,Turdus merula,Eurasian Blackbird,86942,cc-by-nc,https://static.inaturalist.org/sounds/86942.mp3?1589218885,audio/86942.mp3
45608998,1161435,12716,Turdus merula,Eurasian Blackbird,86958,cc-by-sa,https://static.inaturalist.org/sounds/86958.wav?1589220061,audio/86958.wav
45635532,2666752,12716,Turdus merula,Eurasian Blackbird,87086,cc-by-nc,https://static.inaturalist.org/sounds/87086.wav?1589238650,audio/87086.wav
45659333,2832936,12716,Turdus merula,Eurasian Blackbird,87426,cc-by-nc,https://static.inaturalist.org/sounds/87426.m4a?1589304440,audio/87426.m4a
45676481,2618071,12716,Turdus merula,Eurasian Blackbird,87308,cc-by,https://static.inaturalist.org/sounds/87308.wav?1589288907,audio/87308.wav
45694304,2931995,12716,Turdus merula,Eurasian Blackbird,87413,cc-by-nc,https://static.inaturalist.org/sounds/87413.m4a?1589302075,audio/87413.m4a
45723058,1387615,12716,Turdus merula,Eurasian Blackbird,87537,cc-by,https://static.inaturalist.org/sounds/87537.m4a?1589319111,audio/87537.m4a
45726600,2461370,12716,Turdus merula,Eurasian Blackbird,87545,cc-by-nc,https://static.inaturalist.org/sounds/87545.wav?1589320433,audio/87545.wav
45786876,169070,12716,Turdus merula,Eurasian Blackbird,87827,cc-by-nc,https://static.inaturalist.org/sounds/87827.mp3?1589387206,audio/87827.mp3
45801632,2666752,12716,Turdus merula,Eurasian Blackbird,87931,cc-by-nc,https://static.inaturalist.org/sounds/87931.wav?1589397047,audio/87931.wav
45860017,1032079,12716,Turdus merula,Eurasian Blackbird,88169,cc-by-nc,https://static.inaturalist.org/sounds/88169.mp3?1589455259,audio/88169.mp3
45863831,2447213,12716,Turdus merula,Eurasian Blackbird,88195,cc-by-nc,https://static.inaturalist.org/sounds/88195.m4a?1589459595,audio/88195.m4a
45890450,2957063,12716,Turdus merula,Eurasian Blackbird,88377,cc-by-nc,https://static.inaturalist.org/sounds/88377.mp3?1589478713,audio/88377.mp3
45894902,2926475,12716,Turdus merula,Eurasian Blackbird,88417,cc-by-nc,https://static.inaturalist.org/sounds/88417.m4a?1589481729,audio/88417.m4a
45895876,2863008,12716,Turdus merula,Eurasian Blackbird,88421,cc-by-nc,https://static.inaturalist.org/sounds/88421.m4a?1589482232,audio/88421.m4a
45976948,169070,12716,Turdus merula,Eurasian Blackbird,88760,cc-by-nc,https://static.inaturalist.org/sounds/88760.mp3?1589555249,audio/88760.mp3
45976955,169070,12716,Turdus merula,Eurasian Blackbird,88763,cc-by-nc,https://static.inaturalist.org/sounds/88763.mp3?1589555292,audio/88763.mp3
45977018,169070,12716,Turdus merula,Eurasian Blackbird,88780,cc-by-nc,https://static.inaturalist.org/sounds/88780.mp3?1589555977,audio/88780.mp3
45980040,227941,12716,Turdus merula,Eurasian Blackbird,88796,cc-by-nc,https://static.inaturalist.org/sounds/88796.m4a?1589558366,audio/88796.m4a
45986921,169070,12716,Turdus merula,Eurasian Blackbird,88828,cc-by-nc,https://static.inaturalist.org/sounds/88828.mp3?1589561951,audio/88828.mp3
45991858,2950823,12716,Turdus merula,Eurasian Blackbird,88862,cc-by-nc,https://static.inaturalist.org/sounds/88862.m4a?1589565191,audio/88862.m4a
45993615,169070,12716,Turdus merula,Eurasian Blackbird,88870,cc-by-nc,https://static.inaturalist.org/sounds/88870.mp3?1589566145,audio/88870.mp3
46031790,1453678,12716,Turdus merula,Eurasian Blackbird,89026,cc-by-nc,https://static.inaturalist.org/sounds/89026.mp3?1589588482,audio/89026.mp3
46050176,210405,12716,Turdus merula,Eurasian Blackbird,89128,cc-by-nc,https://static.inaturalist.org/sounds/89128.wav?1589603641,audio/89128.wav
46050923,210405,12716,Turdus merula,Eurasian Blackbird,89136,cc-by-nc,https://static.inaturalist.org/sounds/89136.wav?1589604535,audio/89136.wav
46063486,494847,12716,Turdus merula,Eurasian Blackbird,89223,cc-by-nc,https://static.inaturalist.org/sounds/89223.m4a?1589621700,audio/89223.m4a
46073658,2972455,12716,Turdus merula,Eurasian Blackbird,89279,cc-by-nc,https://static.inaturalist.org/sounds/89279.m4a?1589631875,audio/89279.m4a
46079151,2952070,12716,Turdus merula,Eurasian Blackbird,89334,cc-by-nc,https://static.inaturalist.org/sounds/89334.m4a?1589635569,audio/89334.m4a
46095660,2938046,12716,Turdus merula,Eurasian Blackbird,89440,cc-by-nc,https://static.inaturalist.org/sounds/89440.wav?1589644239,audio/89440.wav
46117009,2618071,12716,Turdus merula,Eurasian Blackbird,89531,cc-by,https://static.inaturalist.org/sounds/89531.wav?1589652638,audio/89531.wav
46121461,2839448,12716,Turdus merula,Eurasian Blackbird,89558,cc-by-nc,https://static.inaturalist.org/sounds/89558.m4a?1589654454,audio/89558.m4a
97675047,4419147,203153,Parus major,Great Tit,314516,cc-by-nc,https://static.inaturalist.org/sounds/314516.wav?1633803698,audio/314516.wav
97982977,169070,203153,Parus major,Great Tit,315610,cc-by-nc,https://static.inaturalist.org/sounds/315610.m4a?1634022503,audio/315610.m4a
97993879,3043180,203153,Parus major,Great Tit,315666,cc-by-nc,https://static.inaturalist.org/sounds/315666.m4a?1634038823,audio/315666.m4a
98088142,4445146,203153,Parus major,Great Tit,315924,cc-by,https://static.inaturalist.org/sounds/315924.wav?1634119254,audio/315924.wav
98207865,2234905,203153,Parus major,Great Tit,316350,cc0,https://static.inaturalist.org/sounds/316350.mp3?1634230876,audio/316350.mp3
98210016,1527518,203153,Parus major,Great Tit,316361,cc-by-nc,https://static.inaturalist.org/sounds/316361.wav?1634231613,audio/316361.wav
98210307,2234905,203153,Parus major,Great Tit,316367,cc0,https://static.inaturalist.org/sounds/316367.wav?1634232115,audio/316367.wav
98353882,419580,203153,Parus major,Great Tit,316940,cc0,https://static.inaturalist.org/sounds/316940.wav?1634367676,audio/316940.wav
98364454,169070,203153,Parus major,Great Tit,316966,cc-by-nc,https://static.inaturalist.org/sounds/316966.m4a?1634381075,audio/316966.m4a
98364551,169070,203153,Parus major,Great Tit,316992,cc-by-nc,https://static.inaturalist.org/sounds/316992.m4a?1634382113,audio/316992.m4a
98606537,1894788,203153,Parus major,Great Tit,317878,cc-by-nc,https://static.inaturalist.org/sounds/317878.wav?1634567292,audio/317878.wav
98683307,169070,203153,Parus major,Great Tit,318147,cc-by-nc,https://static.inaturalist.org/sounds/318147.m4a?1634629826,audio/318147.m4a
98958604,169070,203153,Parus major,Great Tit,319362,cc-by-nc,https://static.inaturalist.org/sounds/319362.m4a?1634891646,audio/319362.m4a
98965336,419580,203153,Parus major,Great Tit,319415,cc0,https://static.inaturalist.org/sounds/319415.wav?1634899532,audio/319415.wav
99200083,4408949,203153,Parus major,Great Tit,320591,cc-by-nc,https://static.inaturalist.org/sounds/320591.m4a?1635073546,audio/320591.m4a
99353741,2234905,203153,Parus major,Great Tit,321254,cc0,https://static.inaturalist.org/sounds/321254.wav?1635175805,audio/321254.wav
99353742,2234905,203153,Parus major,Great Tit,321252,cc0,https://static.inaturalist.org/sounds/321252.wav?1635175693,audio/321252.wav
99360069,2234905,203153,Parus major,Great Tit,321280,cc0,https://static.inaturalist.org/sounds/321280.wav?1635179776,audio/321280.wav
99456417,4268529,203153,Parus major,Great Tit,321666,cc-by-nc,https://static.inaturalist.org/sounds/321666.m4a?1635257148,audio/321666.m4a
99529861,169070,203153,Parus major,Great Tit,321906,cc-by-nc,https://static.inaturalist.org/sounds/321906.m4a?1635328577,audio/321906.m4a
99529958,169070,203153,Parus major,Great Tit,321907,cc-by-nc,https://static.inaturalist.org/sounds/321907.m4a?1635328653,audio/321907.m4a
99688640,3804546,203153,Parus major,Great Tit,322546,cc-by,https://static.inaturalist.org/sounds/322546.wav?1635493380,audio/322546.wav
99690019,169070,203153,Parus major,Great Tit,322562,cc-by-nc,https://static.inaturalist.org/sounds/322562.m4a?1635495790,audio/322562.m4a
99690297,169070,203153,Parus major,Great Tit,322565,cc-by-nc,https://static.inaturalist.org/sounds/322565.m4a?1635496098,audio/322565.m4a
99728130,1453678,203153,Parus major,Great Tit,322689,cc-by-nc,https://static.inaturalist.org/sounds/322689.mp3?1635533747,audio/322689.mp3
99855628,169070,203153,Parus major,Great Tit,323394,cc-by-nc,https://static.inaturalist.org/sounds/323394.m4a?1635666813,audio/323394.m4a
99861231,169070,203153,Parus major,Great Tit,323497,cc-by-nc,https://static.inaturalist.org/sounds/323497.m4a?1635674585,audio/323497.m4a
100051741,169070,203153,Parus major,Great Tit,324205,cc-by-nc,https://static.inaturalist.org/sounds/324205.m4a?1635841450,audio/324205.m4a
100051771,169070,203153,Parus major,Great Tit,324206,cc-by-nc,https://static.inaturalist.org/sounds/324206.m4a?1635841486,audio/324206.m4a
100063832,169070,203153,Parus major,Great Tit,324242,cc-by-nc,https://static.inaturalist.org/sounds/324242.m4a?1635859646,audio/324242.m4a
100218801,169070,203153,Parus major,Great Tit,325038,cc-by-nc,https://static.inaturalist.org/sounds/325038.m4a?1636014901,audio/325038.m4a
100225024,3407501,203153,Parus major,Great Tit,325097,cc-by-nc,https://static.inaturalist.org/sounds/325097.m4a?1636024718,audio/325097.m4a
100410713,169070,203153,Parus major,Great Tit,326211,cc-by-nc,https://static.inaturalist.org/sounds/326211.m4a?1636217852,audio/326211.m4a
100410732,169070,203153,Parus major,Great Tit,326218,cc-by-nc,https://static.inaturalist.org/sounds/326218.m4a?1636218289,audio/326218.m4a
100414259,169070,203153,Parus major,Great Tit,326262,cc-by-nc,https://static.inaturalist.org/sounds/326262.m4a?1636220694,audio/326262.m4a
100473841,169070,203153,Parus major,Great Tit,326572,cc-by-nc,https://static.inaturalist.org/sounds/326572.m4a?1636270998,audio/326572.m4a
100671866,2040925,203153,Parus major,Great Tit,327379,cc-by-nc,https://static.inaturalist.org/sounds/327379.wav?1636452727,audio/327379.wav
100840574,2477443,203153,Parus major,Great Tit,327974,cc0,https://static.inaturalist.org/sounds/327974.m4a?1636621876,audio/327974.m4a
100855342,1590267,203153,Parus major,Great Tit,328126,cc-by-nc,https://static.inaturalist.org/sounds/328126.mp3?1636643969,audio/328126.mp3
100857622,1590267,203153,Parus major,Great Tit,328167,cc-by-nc,https://static.inaturalist.org/sounds/328167.mp3?1636646125,audio/328167.mp3
101002120,5087989,203153,Parus major,Great Tit,329043,cc-by,https://static.inaturalist.org/sounds/329043.mp3?1636810281,audio/329043.mp3
101012937,4617899,203153,Parus major,Great Tit,329098,cc0,https://static.inaturalist.org/sounds/329098.m4a?1636821468,audio/329098.m4a
101094212,472134,203153,Parus major,Great Tit,916795,cc0,https://static.inaturalist.org/sounds/916795.mp3?1709574227,audio/916795.mp3
101453793,169070,203153,Parus major,Great Tit,330622,cc-by-nc,https://static.inaturalist.org/sounds/330622.m4a?1637310073,audio/330622.m4a
101932203,2533480,203153,Parus major,Great Tit,332585,cc-by,https://static.inaturalist.org/sounds/332585.mp3?1637924298,audio/332585.mp3
101975638,2744545,203153,Parus major,Great Tit,353783,cc-by-nc,https://static.inaturalist.org/sounds/353783.m4a?1644067421,audio/353783.m4a
102002360,1531239,203153,Parus major,Great Tit,332884,cc-by-nc-sa,https://static.inaturalist.org/sounds/332884.mp3?1638017583,audio/332884.mp3
102100581,1409524,203153,Parus major,Great Tit,333268,cc-by-nc,https://static.inaturalist.org/sounds/333268.mp3?1638123359,audio/333268.mp3
102186273,1462872,203153,Parus major,Great Tit,333534,cc-by-nc,https://static.inaturalist.org/sounds/333534.wav?1638213307,audio/333534.wav
102321272,1938167,203153,Parus major,Great Tit,334175,cc-by-nc,https://static.inaturalist.org/sounds/334175.mp3?1638369290,audio/334175.mp3
102379775,4254200,203153,Parus major,Great Tit,334914,cc-by-nc,https://static.inaturalist.org/sounds/334914.mp3?1638486285,audio/334914.mp3
102408810,2533480,203153,Parus major,Great Tit,335042,cc-by,https://static.inaturalist.org/sounds/335042.mp3?1638541403,audio/335042.mp3
102773452,1453678,203153,Parus major,Great Tit,336433,cc-by-nc,https://static.inaturalist.org/sounds/336433.mp3?1639146560,audio/336433.mp3
102773457,1453678,203153,Parus major,Great Tit,336435,cc-by-nc,https://static.inaturalist.org/sounds/336435.mp3?1639146619,audio/336435.mp3
102992293,1584261,203153,Parus major,Great Tit,337223,cc0,https://static.inaturalist.org/sounds/337223.mp3?1639401605,audio/337223.mp3
103297271,4718256,203153,Parus major,Great Tit,338690,cc-by-nc,https://static.inaturalist.org/sounds/338690.mp3?1639905338,audio/338690.mp3
103297855,1409524,203153,Parus major,Great Tit,338692,cc-by-nc,https://static.inaturalist.org/sounds/338692.mp3?1639906431,audio/338692.mp3
103457168,4594936,203153,Parus major,Great Tit,339428,cc-by-nc,https://static.inaturalist.org/sounds/339428.m4a?1640152288,audio/339428.m4a
103463349,169070,203153,Parus major,Great Tit,339449,cc-by-nc,https://static.inaturalist.org/sounds/339449.m4a?1640166380,audio/339449.m4a
103463615,169070,203153,Parus major,Great Tit,339451,cc-by-nc,https://static.inaturalist.org/sounds/339451.m4a?1640166857,audio/339451.m4a
103576788,2967589,203153,Parus major,Great Tit,340058,cc-by-nc,https://static.inaturalist.org/sounds/340058.wav?1640347678,audio/340058.wav
103622437,169070,203153,Parus major,Great Tit,340272,cc-by-nc,https://static.inaturalist.org/sounds/340272.m4a?1640418498,audio/340272.m4a
103717076,4674976,203153,Parus major,Great Tit,340655,cc-by-nc,https://static.inaturalist.org/sounds/340655.mp3?1640559681,audio/340655.mp3
103818677,4599237,203153,Parus major,Great Tit,341080,cc-by-nc,https://static.inaturalist.org/sounds/341080.mp3?1640698639,audio/341080.mp3
104019732,169070,203153,Parus major,Great Tit,341807,cc-by-nc,https://static.inaturalist.org/sounds/341807.m4a?1640937866,audio/341807.m4a
104022011,169070,203153,Parus major,Great Tit,341818,cc-by-nc,https://static.inaturalist.org/sounds/341818.m4a?1640943958,audio/341818.m4a
104023431,3151399,203153,Parus major,Great Tit,341826,cc-by-nc,https://static.inaturalist.org/sounds/341826.wav?1640947227,audio/341826.wav
104024575,2776628,203153,Parus major,Great Tit,341832,cc-by-nc,https://static.inaturalist.org/sounds/341832.wav?1640950074,audio/341832.wav
104088831,169070,203153,Parus major,Great Tit,342094,cc-by-nc,https://static.inaturalist.org/sounds/342094.m4a?1641021622,audio/342094.m4a
104253414,3137044,203153,Parus major,Great Tit,342829,cc-by-nc,https://static.inaturalist.org/sounds/342829.mp3?1641194930,audio/342829.mp3
104336027,169070,203153,Parus major,Great Tit,343104,cc-by-nc,https://static.inaturalist.org/sounds/343104.m4a?1641291863,audio/343104.m4a
104344554,4466140,203153,Parus major,Great Tit,343138,cc-by-nc,https://static.inaturalist.org/sounds/343138.mp3?1641306334,audio/343138.mp3
104349921,2826522,203153,Parus major,Great Tit,343155,cc-by-nc,https://static.inaturalist.org/sounds/343155.m4a?1641312934,audio/343155.m4a
104399697,2916874,203153,Parus major,Great Tit,343378,cc-by-nc,https://static.inaturalist.org/sounds/343378.m4a?1641379370,audio/343378.m4a
104418531,4892437,203153,Parus major,Great Tit,343479,cc-by,https://static.inaturalist.org/sounds/343479.mp3?1641408407,audio/343479.mp3
104426252,4005003,203153,Parus major,Great Tit,343514,cc-by-nc,https://static.inaturalist.org/sounds/343514.mpga?1641417573,audio/343514.mpga
104429038,4005003,203153,Parus major,Great Tit,343610,cc-by-nc,https://static.inaturalist.org/sounds/343610.mpga?1641420048,audio/343610.mpga
104429042,4005003,203153,Parus major,Great Tit,343612,cc-by-nc,https://static.inaturalist.org/sounds/343612.mpga?1641420050,audio/343612.mpga
104429044,4005003,203153,Parus major,Great Tit,343614,cc-by-nc,https://static.inaturalist.org/sounds/343614.mpga?1641420053,audio/343614.mpga
104429049,4005003,203153,Parus major,Great Tit,343617,cc-by-nc,https://static.inaturalist.org/sounds/343617.mpga?1641420057,audio/343617.mpga
104429050,4005003,203153,Parus major,Great Tit,343618,cc-by-nc,https://static.inaturalist.org/sounds/343618.mpga?1641420058,audio/343618.mpga
104530079,1409524,203153,Parus major,Great Tit,344199,cc-by-nc,https://static.inaturalist.org/sounds/344199.mp3?1641578583,audio/344199.mp3
104534032,1409524,203153,Parus major,Great Tit,344221,cc-by-nc,https://static.inaturalist.org/sounds/344221.mp3?1641582631,audio/344221.mp3
104632206,1409524,203153,Parus major,Great Tit,344756,cc-by-nc,https://static.inaturalist.org/sounds/344756.mp3?1641722989,audio/344756.mp3
104662448,1790012,203153,Parus major,Great Tit,344941,cc-by-nc,https://static.inaturalist.org/sounds/344941.m4a?1641750498,audio/344941.m4a
104662786,1790012,203153,Parus major,Great Tit,344947,cc-by-nc,https://static.inaturalist.org/sounds/344947.m4a?1641750529,audio/344947.m4a
104701485,2765779,203153,Parus major,Great Tit,345214,cc-by-nc,https://static.inaturalist.org/sounds/345214.mp3?1641817937,audio/345214.mp3
104708840,5222723,203153,Parus major,Great Tit,345171,cc-by,https://static.inaturalist.org/sounds/345171.m4a?1641805301,audio/345171.m4a
104806893,39349,203153,Parus major,Great Tit,345671,cc-by,https://static.inaturalist.org/sounds/345671.wav?1641984727,audio/345671.wav
104808189,169070,203153,Parus major,Great Tit,345683,cc-by-nc,https://static.inaturalist.org/sounds/345683.m4a?1641988528,audio/345683.m4a
104808200,1810516,203153,Parus major,Great Tit,345684,cc-by-nc,https://static.inaturalist.org/sounds/345684.wav?1641988550,audio/345684.wav
104808236,169070,203153,Parus major,Great Tit,345685,cc-by-nc,https://static.inaturalist.org/sounds/345685.m4a?1641988647,audio/345685.m4a
104810590,2765779,203153,Parus major,Great Tit,345700,cc-by-nc,https://static.inaturalist.org/sounds/345700.mp3?1641994922,audio/345700.mp3
104811787,3188433,203153,Parus major,Great Tit,345704,cc-by-nc,https://static.inaturalist.org/sounds/345704.m4a?1641996733,audio/345704.m4a
104856593,4193498,203153,Parus major,Great Tit,345909,cc-by-nc,https://static.inaturalist.org/sounds/345909.m4a?1642062740,audio/345909.m4a
104872755,4594936,203153,Parus major,Great Tit,346029,cc-by-nc,https://static.inaturalist.org/sounds/346029.m4a?1642096460,audio/346029.m4a
104908223,4556962,203153,Parus major,Great Tit,346270,cc-by-nc,https://static.inaturalist.org/sounds/346270.mp3?1642148781,audio/346270.mp3
104917818,3450487,203153,Parus major,Great Tit,346364,cc-by-nc-sa,https://static.inaturalist.org/sounds/346364.m4a?1642171902,audio/346364.m4a
104964966,4547074,203153,Parus major,Great Tit,346610,cc-by-nc,https://static.inaturalist.org/sounds/346610.m4a?1642244671,audio/346610.m4a
104975573,1416553,203153,Parus major,Great Tit,346645,cc-by,https://static.inaturalist.org/sounds/346645.wav?1642263362,audio/346645.wav
104982270,1790012,203153,Parus major,Great Tit,346682,cc-by-nc,https://static.inaturalist.org/sounds/346682.m4a?1642271455,audio/346682.m4a
105025986,2816523,203153,Parus major,Great Tit,346835,cc-by-nc,https://static.inaturalist.org/sounds/346835.m4a?1642329113,audio/346835.m4a
105033272,4387006,203153,Parus major,Great Tit,346874,cc-by-nc,https://static.inaturalist.org/sounds/346874.m4a?1642342544,audio/346874.m4a
105033630,4387006,203153,Parus major,Great Tit,346876,cc-by-nc,https://static.inaturalist.org/sounds/346876.m4a?1642343106,audio/346876.m4a
105093817,4000884,203153,Parus major,Great Tit,347109,cc-by-nc,https://static.inaturalist.org/sounds/347109.m4a?1642421638,audio/347109.m4a
105109792,5224087,203153,Parus major,Great Tit,347171,cc-by-nc,https://static.inaturalist.org/sounds/347171.wav?1642446022,audio/347171.wav
105148682,4974954,203153,Parus major,Great Tit,347340,cc-by-nc,https://static.inaturalist.org/sounds/347340.m4a?1642498487,audio/347340.m4a
105151842,2723790,203153,Parus major,Great Tit,347349,cc-by-nc,https://static.inaturalist.org/sounds/347349.m4a?1642505989,audio/347349.m4a
105153482,5306762,203153,Parus major,Great Tit,347368,cc-by,https://static.inaturalist.org/sounds/347368.mp3?1642509346,audio/347368.mp3
105221822,1409524,203153,Parus major,Great Tit,347773,cc-by-nc,https://static.inaturalist.org/sounds/347773.mp3?1642618788,audio/347773.mp3
105298378,1790012,203153,Parus major,Great Tit,348185,cc-by-nc,https://static.inaturalist.org/sounds/348185.m4a?1642740779,audio/348185.m4a
105352590,5174409,203153,Parus major,Great Tit,348499,cc-by-nc,https://static.inaturalist.org/sounds/348499.m4a?1642839986,audio/348499.m4a
105353363,1441461,203153,Parus major,Great Tit,348504,cc-by-nc,https://static.inaturalist.org/sounds/348504.mp3?1642842663,audio/348504.mp3
105357384,1866117,203153,Parus major,Great Tit,348525,cc-by,https://static.inaturalist.org/sounds/348525.mp3?1642852545,audio/348525.mp3
105418617,169070,203153,Parus major,Great Tit,348770,cc-by-nc,https://static.inaturalist.org/sounds/348770.m4a?1642923938,audio/348770.m4a
105465465,4674976,203153,Parus major,Great Tit,349048,cc-by-nc,https://static.inaturalist.org/sounds/349048.mp3?1642981478,audio/349048.mp3
105506228,2883343,203153,Parus major,Great Tit,349315,cc-by,https://static.inaturalist.org/sounds/349315.m4a?1643043726,audio/349315.m4a
105507389,2744545,203153,Parus major,Great Tit,349328,cc-by-nc,https://static.inaturalist.org/sounds/349328.m4a?1643045482,audio/349328.m4a
105546223,3275506,203153,Parus major,Great Tit,349537,cc-by-nc,https://static.inaturalist.org/sounds/349537.wav?1643103122,audio/349537.wav
105547350,169070,203153,Parus major,Great Tit,349551,cc-by-nc,https://static.inaturalist.org/sounds/349551.m4a?1643105976,audio/349551.m4a
105553179,2765779,203153,Parus major,Great Tit,349643,cc-by-nc,https://static.inaturalist.org/sounds/349643.mp3?1643118244,audio/349643.mp3
105606405,2989,203153,Parus major,Great Tit,350368,cc-by-nc,https://static.inaturalist.org/sounds/350368.wav?1643193061,audio/350368.wav
105611792,464262,203153,Parus major,Great Tit,350490,cc0,https://static.inaturalist.org/sounds/350490.wav?1643201861,audio/350490.wav
105652796,169070,203153,Parus major,Great Tit,350728,cc-by-nc,https://static.inaturalist.org/sounds/350728.m4a?1643268753,audio/350728.m4a
105653129,3981333,203153,Parus major,Great Tit,350731,cc-by-nc,https://static.inaturalist.org/sounds/350731.m4a?1643269997,audio/350731.m4a
105661613,3240390,203153,Parus major,Great Tit,350833,cc-by-nc,https://static.inaturalist.org/sounds/350833.m4a?1643289943,audio/350833.m4a
105709639,2040925,203153,Parus major,Great Tit,351081,cc-by-nc,https://static.inaturalist.org/sounds/351081.wav?1643367582,audio/351081.wav
105710182,1580649,203153,Parus major,Great Tit,351084,cc-by-nc,https://static.inaturalist.org/sounds/351084.m4a?1643368822,audio/351084.m4a
105764196,4271309,203153,Parus major,Great Tit,351341,cc-by-nc,https://static.inaturalist.org/sounds/351341.m4a?1643454454,audio/351341.m4a
105767090,3244843,203153,Parus major,Great Tit,351362,cc-by-nc,https://static.inaturalist.org/sounds/351362.mp3?1643460724,audio/351362.mp3
105767613,3244843,203153,Parus major,Great Tit,351367,cc-by-nc,https://static.inaturalist.org/sounds/351367.mp3?1643461600,audio/351367.mp3
105831536,3673664,203153,Parus major,Great Tit,351639,cc-by-nc,https://static.inaturalist.org/sounds/351639.m4a?1643541747,audio/351639.m4a
105840068,1605079,203153,Parus major,Great Tit,351701,cc-by,https://static.inaturalist.org/sounds/351701.m4a?1643555136,audio/351701.m4a
105899483,4303349,203153,Parus major,Great Tit,352057,cc-by-nc,https://static.inaturalist.org/sounds/352057.wav?1643625496,audio/352057.wav
105901876,5306762,203153,Parus major,Great Tit,352076,cc-by,https://static.inaturalist.org/sounds/352076.wav?1643630893,audio/352076.wav
105907842,1416553,203153,Parus major,Great Tit,352122,cc-by,https://static.inaturalist.org/sounds/352122.wav?1643640915,audio/352122.wav
105913296,1437774,203153,Parus major,Great Tit,352177,cc-by-nc,https://static.inaturalist.org/sounds/352177.m4a?1643648383,audio/352177.m4a
105964014,472134,203153,Parus major,Great Tit,352501,cc0,https://static.inaturalist.org/sounds/352501.wav?1643724752,audio/352501.wav
106016614,3643504,203153,Parus major,Great Tit,352785,cc0,https://static.inaturalist.org/sounds/352785.mp3?1643807574,audio/352785.mp3
106062693,1453678,203153,Parus major,Great Tit,353093,cc-by-nc,https://static.inaturalist.org/sounds/353093.mp3?1643881122,audio/353093.mp3
106062694,1453678,203153,Parus major,Great Tit,353092,cc-by-nc,https://static.inaturalist.org/sounds/353092.mp3?1643881044,audio/353092.mp3
106063620,1453678,203153,Parus major,Great Tit,353110,cc-by-nc,https://static.inaturalist.org/sounds/353110.mp3?1643883292,audio/353110.mp3
106064369,1453678,203153,Parus major,Great Tit,353128,cc-by-nc,https://static.inaturalist.org/sounds/353128.mp3?1643887588,audio/353128.mp3
106065899,3423328,203153,Parus major,Great Tit,353141,cc-by-nc-sa,https://static.inaturalist.org/sounds/353141.m4a?1643890404,audio/353141.m4a
106110099,169070,203153,Parus major,Great Tit,353383,cc-by-nc,https://static.inaturalist.org/sounds/353383.m4a?1643958495,audio/353383.m4a
106110107,169070,203153,Parus major,Great Tit,353384,cc-by-nc,https://static.inaturalist.org/sounds/353384.m4a?1643958528,audio/353384.m4a
106110164,169070,203153,Parus major,Great Tit,353386,cc-by-nc,https://static.inaturalist.org/sounds/353386.m4a?1643958629,audio/353386.m4a
106126337,2967589,203153,Parus major,Great Tit,353501,cc-by-nc,https://static.inaturalist.org/sounds/353501.wav?1643994032,audio/353501.wav
106126386,2967589,203153,Parus major,Great Tit,353505,cc-by-nc,https://static.inaturalist.org/sounds/353505.wav?1643994136,audio/353505.wav
106126626,2967589,203153,Parus major,Great Tit,353509,cc-by-nc,https://static.inaturalist.org/sounds/353509.wav?1643994502,audio/353509.wav
106128897,2353614,203153,Parus major,Great Tit,353531,cc-by-nc,https://static.inaturalist.org/sounds/353531.wav?1643997565,audio/353531.wav
106141222,864736,203153,Parus major,Great Tit,353584,cc-by-nc,https://static.inaturalist.org/sounds/353584.mp3?1644013461,audio/353584.mp3
106163513,4240784,203153,Parus major,Great Tit,353711,cc-by-nc,https://static.inaturalist.org/sounds/353711.wav?1644050713,audio/353711.wav
106167735,5248967,203153,Parus major,Great Tit,353746,cc-by-nc,https://static.inaturalist.org/sounds/353746.m4a?1644060248,audio/353746.m4a
106168904,1453678,203153,Parus major,Great Tit,353764,cc-by-nc,https://static.inaturalist.org/sounds/353764.mp3?1644063919,audio/353764.mp3
106168911,1453678,203153,Parus major,Great Tit,353761,cc-by-nc,https://static.inaturalist.org/sounds/353761.mp3?1644063790,audio/353761.mp3
106169656,800658,203153,Parus major,Great Tit,353770,cc-by-nc,https://static.inaturalist.org/sounds/353770.wav?1644064896,audio/353770.wav
106174201,5306762,203153,Parus major,Great Tit,353800,cc-by,https://static.inaturalist.org/sounds/353800.wav?1644072359,audio/353800.wav
106187222,742957,203153,Parus major,Great Tit,353863,cc-by,https://static.inaturalist.org/sounds/353863.wav?1644087178,audio/353863.wav
106187232,742957,203153,Parus major,Great Tit,353864,cc-by,https://static.inaturalist.org/sounds/353864.wav?1644087194,audio/353864.wav
106187327,742957,203153,Parus major,Great Tit,353871,cc-by,https://static.inaturalist.org/sounds/353871.wav?1644087277,audio/353871.wav
106187348,742957,203153,Parus major,Great Tit,353872,cc-by,https://static.inaturalist.org/sounds/353872.wav?1644087285,audio/353872.wav
106187405,742957,203153,Parus major,Great Tit,353876,cc-by,https://static.inaturalist.org/sounds/353876.wav?1644087340,audio/353876.wav
106190889,742957,203153,Parus major,Great Tit,353903,cc-by,https://static.inaturalist.org/sounds/353903.wav?1644090802,audio/353903.wav
106190920,742957,203153,Parus major,Great Tit,353907,cc-by,https://static.inaturalist.org/sounds/353907.wav?1644090837,audio/353907.wav
106233270,4240784,203153,Parus major,Great Tit,354208,cc-by-nc,https://static.inaturalist.org/sounds/354208.wav?1644143153,audio/354208.wav
106236021,742957,203153,Parus major,Great Tit,354226,cc-by,https://static.inaturalist.org/sounds/354226.wav?1644148293,audio/354226.wav
106236033,742957,203153,Parus major,Great Tit,354228,cc-by,https://static.inaturalist.org/sounds/354228.wav?1644148308,audio/354228.wav
106236038,742957,203153,Parus major,Great Tit,354229,cc-by,https://static.inaturalist.org/sounds/354229.wav?1644148315,audio/354229.wav
106241150,1409524,203153,Parus major,Great Tit,354282,cc-by-nc,https://static.inaturalist.org/sounds/354282.mp3?1644155666,audio/354282.mp3
106242037,2780921,203153,Parus major,Great Tit,354299,cc-by,https://static.inaturalist.org/sounds/354299.m4a?1644156857,audio/354299.m4a
106242469,3423328,203153,Parus major,Great Tit,354302,cc-by-nc-sa,https://static.inaturalist.org/sounds/354302.m4a?1644157398,audio/354302.m4a
106245249,2078240,203153,Parus major,Great Tit,354329,cc-by-nc,https://static.inaturalist.org/sounds/354329.wav?1644160645,audio/354329.wav
106310679,2353614,203153,Parus major,Great Tit,354645,cc-by-nc,https://static.inaturalist.org/sounds/354645.wav?1644234670,audio/354645.wav
106311117,419580,203153,Parus major,Great Tit,354646,cc0,https://static.inaturalist.org/sounds/354646.wav?1644235379,audio/354646.wav
106316416,5336461,203153,Parus major,Great Tit,354676,cc-by-nc,https://static.inaturalist.org/sounds/354676.m4a?1644243557,audio/354676.m4a
106329031,2876686,203153,Parus major,Great Tit,354752,cc-by,https://static.inaturalist.org/sounds/354752.m4a?1644260130,audio/354752.m4a
106370282,4794916,203153,Parus major,Great Tit,354911,cc0,https://static.inaturalist.org/sounds/354911.wav?1644316927,audio/354911.wav
106374490,5347151,203153,Parus major,Great Tit,354973,cc-by-nc,https://static.inaturalist.org/sounds/354973.wav?1644324488,audio/354973.wav
106382429,4567107,203153,Parus major,Great Tit,355058,cc-by-nc,https://static.inaturalist.org/sounds/355058.wav?1644336787,audio/355058.wav
106425701,169070,203153,Parus major,Great Tit,355240,cc-by-nc,https://static.inaturalist.org/sounds/355240.m4a?1644397026,audio/355240.m4a
106425942,169070,203153,Parus major,Great Tit,355242,cc-by-nc,https://static.inaturalist.org/sounds/355242.m4a?1644397342,audio/355242.m4a
106427807,5306762,203153,Parus major,Great Tit,355259,cc-by,https://static.inaturalist.org/sounds/355259.wav?1644401547,audio/355259.wav
106427911,5306762,203153,Parus major,Great Tit,355260,cc-by,https://static.inaturalist.org/sounds/355260.wav?1644401665,audio/355260.wav
106430841,2092466,203153,Parus major,Great Tit,355280,cc-by-nc,https://static.inaturalist.org/sounds/355280.m4a?1644407652,audio/355280.m4a
106436467,2746811,203153,Parus major,Great Tit,355306,cc-by-nc,https://static.inaturalist.org/sounds/355306.wav?1644417330,audio/355306.wav
106437500,4172087,203153,Parus major,Great Tit,355310,cc-by-nc,https://static.inaturalist.org/sounds/355310.m4a?1644418917,audio/355310.m4a
106439059,1453678,203153,Parus major,Great Tit,357838,cc-by-nc,https://static.inaturalist.org/sounds/357838.mp3?1644989528,audio/357838.mp3
106441147,3804546,203153,Parus major,Great Tit,355343,cc-by,https://static.inaturalist.org/sounds/355343.wav?1644423889,audio/355343.wav
106441476,3297756,203153,Parus major,Great Tit,355350,cc-by,https://static.inaturalist.org/sounds/355350.mp3?1644424523,audio/355350.mp3
106482237,4059937,203153,Parus major,Great Tit,355602,cc-by-nc,https://static.inaturalist.org/sounds/355602.wav?1644481437,audio/355602.wav
106484612,5306762,203153,Parus major,Great Tit,355607,cc-by,https://static.inaturalist.org/sounds/355607.wav?1644487255,audio/355607.wav
106489593,1610962,203153,Parus major,Great Tit,355655,cc0,https://static.inaturalist.org/sounds/355655.wav?1644495702,audio/355655.wav
106490793,4193498,203153,Parus major,Great Tit,355667,cc-by-nc,https://static.inaturalist.org/sounds/355667.m4a?1644498537,audio/355667.m4a
106496555,3998010,203153,Parus major,Great Tit,355705,cc-by-nc,https://static.inaturalist.org/sounds/355705.mp3?1644507756,audio/355705.mp3
106496774,4842407,203153,Parus major,Great Tit,355709,cc-by-nc,https://static.inaturalist.org/sounds/355709.mp3?1644508101,audio/355709.mp3
106499462,4246452,203153,Parus major,Great Tit,355731,cc-by-nc,https://static.inaturalist.org/sounds/355731.wav?1644511832,audio/355731.wav
106507873,472134,203153,Parus major,Great Tit,355789,cc0,https://static.inaturalist.org/sounds/355789.mp3?1644522398,audio/355789.mp3
106539075,4612939,203153,Parus major,Great Tit,355946,cc-by,https://static.inaturalist.org/sounds/355946.wav?1644567373,audio/355946.wav
106540032,1456562,203153,Parus major,Great Tit,355949,cc-by-nc-sa,https://static.inaturalist.org/sounds/355949.wav?1644569610,audio/355949.wav
106548549,5306762,203153,Parus major,Great Tit,355996,cc-by,https://static.inaturalist.org/sounds/355996.wav?1644587693,audio/355996.wav
106548572,5306762,203153,Parus major,Great Tit,355997,cc-by,https://static.inaturalist.org/sounds/355997.wav?1644587737,audio/355997.wav
106565931,840257,203153,Parus major,Great Tit,356148,cc-by-nc,https://static.inaturalist.org/sounds/356148.mp3?1644610204,audio/356148.mp3
106602971,5341813,203153,Parus major,Great Tit,356342,cc-by-nc,https://static.inaturalist.org/sounds/356342.m4a?1644668769,audio/356342.m4a
106618987,3292820,203153,Parus major,Great Tit,356504,cc-by-nc,https://static.inaturalist.org/sounds/356504.wav?1644688288,audio/356504.wav
106619037,3292820,203153,Parus major,Great Tit,356505,cc-by-nc,https://static.inaturalist.org/sounds/356505.wav?1644688340,audio/356505.wav
106625881,2776628,203153,Parus major,Great Tit,356555,cc-by-nc,https://static.inaturalist.org/sounds/356555.mp3?1644694998,audio/356555.mp3
106663427,169070,203153,Parus major,Great Tit,356797,cc-by-nc,https://static.inaturalist.org/sounds/356797.m4a?1644738553,audio/356797.m4a
106665686,742957,203153,Parus major,Great Tit,356819,cc-by,https://static.inaturalist.org/sounds/356819.wav?1644743559,audio/356819.wav
106665705,742957,203153,Parus major,Great Tit,356823,cc-by,https://static.inaturalist.org/sounds/356823.wav?1644743593,audio/356823.wav
106665758,742957,203153,Parus major,Great Tit,356831,cc-by,https://static.inaturalist.org/sounds/356831.wav?1644743655,audio/356831.wav
106665798,742957,203153,Parus major,Great Tit,356837,cc-by,https://static.inaturalist.org/sounds/356837.wav?1644743704,audio/356837.wav
106665805,742957,203153,Parus major,Great Tit,356839,cc-by,https://static.inaturalist.org/sounds/356839.wav?1644743719,audio/356839.wav
106671642,3771938,203153,Parus major,Great Tit,356873,cc-by,https://static.inaturalist.org/sounds/356873.wav?1644753952,audio/356873.wav
106674893,4305874,203153,Parus major,Great Tit,356893,cc-by-nc,https://static.inaturalist.org/sounds/356893.m4a?1644758619,audio/356893.m4a
106679843,3541420,203153,Parus major,Great Tit,356921,cc-by-nc,https://static.inaturalist.org/sounds/356921.m4a?1644765266,audio/356921.m4a
106700361,2067768,203153,Parus major,Great Tit,357097,cc-by,https://static.inaturalist.org/sounds/357097.wav?1644785684,audio/357097.wav
106737337,4059937,203153,Parus major,Great Tit,357274,cc-by-nc,https://static.inaturalist.org/sounds/357274.wav?1644836223,audio/357274.wav
106740123,2515613,203153,Parus major,Great Tit,357283,cc-by-nc,https://static.inaturalist.org/sounds/357283.wav?1644842262,audio/357283.wav
106750964,3771938,203153,Parus major,Great Tit,357376,cc-by,https://static.inaturalist.org/sounds/357376.wav?1644860214,audio/357376.wav
106750974,3771938,203153,Parus major,Great Tit,357378,cc-by,https://static.inaturalist.org/sounds/357378.wav?1644860232,audio/357378.wav
106788453,2826522,203153,Parus major,Great Tit,357547,cc-by-nc,https://static.inaturalist.org/sounds/357547.m4a?1644915096,audio/357547.m4a
106789209,5341813,203153,Parus major,Great Tit,357583,cc-by-nc,https://static.inaturalist.org/sounds/357583.m4a?1644926478,audio/357583.m4a
106789767,1524915,203153,Parus major,Great Tit,357557,cc-by-nc,https://static.inaturalist.org/sounds/357557.wav?1644918551,audio/357557.wav
106791399,3771938,203153,Parus major,Great Tit,357567,cc-by,https://static.inaturalist.org/sounds/357567.wav?1644922979,audio/357567.wav
106794978,2496993,203153,Parus major,Great Tit,357596,cc-by,https://static.inaturalist.org/sounds/357596.wav?1644930355,audio/357596.wav
106816312,864736,203153,Parus major,Great Tit,357746,cc-by-nc,https://static.inaturalist.org/sounds/357746.mp3?1644957810,audio/357746.mp3
106818105,3643504,203153,Parus major,Great Tit,357754,cc0,https://static.inaturalist.org/sounds/357754.mp3?1644959587,audio/357754.mp3
106841803,1453678,203153,Parus major,Great Tit,357839,cc-by-nc,https://static.inaturalist.org/sounds/357839.mp3?1644989548,audio/357839.mp3
106847235,169070,203153,Parus major,Great Tit,357853,cc-by-nc,https://static.inaturalist.org/sounds/357853.m4a?1645002865,audio/357853.m4a
106849681,5222665,203153,Parus major,Great Tit,357877,cc-by-nc,https://static.inaturalist.org/sounds/357877.m4a?1645007443,audio/357877.m4a
106851779,4059937,203153,Parus major,Great Tit,357910,cc-by-nc,https://static.inaturalist.org/sounds/357910.wav?1645012210,audio/357910.wav
106858619,1453678,203153,Parus major,Great Tit,357965,cc-by-nc,https://static.inaturalist.org/sounds/357965.mp3?1645023320,audio/357965.mp3
106865539,2234905,203153,Parus major,Great Tit,358019,cc0,https://static.inaturalist.org/sounds/358019.mp3?1645031680,audio/358019.mp3
106866369,1453678,203153,Parus major,Great Tit,358100,cc-by-nc,https://static.inaturalist.org/sounds/358100.mp3?1645043873,audio/358100.mp3
106905961,2916874,203153,Parus major,Great Tit,358271,cc-by-nc,https://static.inaturalist.org/sounds/358271.m4a?1645087318,audio/358271.m4a
106906079,2916874,203153,Parus major,Great Tit,358274,cc-by-nc,https://static.inaturalist.org/sounds/358274.m4a?1645087638,audio/358274.m4a
106907243,2826522,203153,Parus major,Great Tit,358277,cc-by-nc,https://static.inaturalist.org/sounds/358277.m4a?1645089570,audio/358277.m4a
106907459,2826522,203153,Parus major,Great Tit,358281,cc-by-nc,https://static.inaturalist.org/sounds/358281.m4a?1645090024,audio/358281.m4a
106908190,4792047,203153,Parus major,Great Tit,358286,cc-by-nc,https://static.inaturalist.org/sounds/358286.m4a?1645091989,audio/358286.m4a
106909502,2496993,203153,Parus major,Great Tit,358293,cc-by,https://static.inaturalist.org/sounds/358293.wav?1645095596,audio/358293.wav
106926883,1453678,203153,Parus major,Great Tit,358415,cc-by-nc,https://static.inaturalist.org/sounds/358415.mp3?1645126098,audio/358415.mp3
106963372,169070,203153,Parus major,Great Tit,358624,cc-by-nc,https://static.inaturalist.org/sounds/358624.m4a?1645174862,audio/358624.m4a
106963577,1277536,203153,Parus major,Great Tit,358626,cc-by,https://static.inaturalist.org/sounds/358626.m4a?1645175202,audio/358626.m4a
106967222,4590278,203153,Parus major,Great Tit,358634,cc-by-nc,https://static.inaturalist.org/sounds/358634.m4a?1645183127,audio/358634.m4a
106985068,2826522,203153,Parus major,Great Tit,358796,cc-by-nc,https://static.inaturalist.org/sounds/358796.m4a?1645208967,audio/358796.m4a
106985284,2826522,203153,Parus major,Great Tit,358799,cc-by-nc,https://static.inaturalist.org/sounds/358799.m4a?1645209220,audio/358799.m4a
106986339,2826522,203153,Parus major,Great Tit,358801,cc-by-nc,https://static.inaturalist.org/sounds/358801.m4a?1645210324,audio/358801.m4a
106986758,864736,203153,Parus major,Great Tit,358797,cc-by-nc,https://static.inaturalist.org/sounds/358797.mp3?1645209189,audio/358797.mp3
106986803,2826522,203153,Parus major,Great Tit,358803,cc-by-nc,https://static.inaturalist.org/sounds/358803.m4a?1645210847,audio/358803.m4a
106988147,2826522,203153,Parus major,Great Tit,358814,cc-by-nc,https://static.inaturalist.org/sounds/358814.m4a?1645212350,audio/358814.m4a
107005180,2461370,203153,Parus major,Great Tit,358876,cc-by-nc,https://static.inaturalist.org/sounds/358876.mp3?1645230627,audio/358876.mp3
107028290,3458747,203153,Parus major,Great Tit,358983,cc-by,https://static.inaturalist.org/sounds/358983.mp3?1645267162,audio/358983.mp3
107030395,259033,203153,Parus major,Great Tit,358993,cc-by-nc,https://static.inaturalist.org/sounds/358993.m4a?1645270847,audio/358993.m4a
107030577,3458747,203153,Parus major,Great Tit,358997,cc-by,https://static.inaturalist.org/sounds/358997.mp3?1645271092,audio/358997.mp3
107030676,3458747,203153,Parus major,Great Tit,358998,cc-by,https://static.inaturalist.org/sounds/358998.mp3?1645271380,audio/358998.mp3
107039240,4348752,203153,Parus major,Great Tit,359102,cc-by-nc,https://static.inaturalist.org/sounds/359102.mp3?1645293341,audio/359102.mp3
107039328,169070,203153,Parus major,Great Tit,359047,cc-by-nc,https://static.inaturalist.org/sounds/359047.m4a?1645284038,audio/359047.m4a
107040110,3771938,203153,Parus major,Great Tit,359056,cc-by,https://static.inaturalist.org/sounds/359056.wav?1645284989,audio/359056.wav
107094766,169070,203153,Parus major,Great Tit,359326,cc-by-nc,https://static.inaturalist.org/sounds/359326.m4a?1645344048,audio/359326.m4a
107096312,5365281,203153,Parus major,Great Tit,359339,cc-by-nc,https://static.inaturalist.org/sounds/359339.wav?1645347127,audio/359339.wav
107098372,3301501,203153,Parus major,Great Tit,359349,cc-by,https://static.inaturalist.org/sounds/359349.m4a?1645350668,audio/359349.m4a
107099280,3387974,203153,Parus major,Great Tit,359354,cc-by-nc,https://static.inaturalist.org/sounds/359354.m4a?1645352514,audio/359354.m4a
107104824,3408439,203153,Parus major,Great Tit,359388,cc-by-nc,https://static.inaturalist.org/sounds/359388.m4a?1645362642,audio/359388.m4a
107111261,2835215,203153,Parus major,Great Tit,359448,cc-by,https://static.inaturalist.org/sounds/359448.m4a?1645370936,audio/359448.m4a
107124401,394132,203153,Parus major,Great Tit,359640,cc-by-nc,https://static.inaturalist.org/sounds/359640.m4a?1645382597,audio/359640.m4a
107124628,394132,203153,Parus major,Great Tit,359642,cc-by-nc,https://static.inaturalist.org/sounds/359642.m4a?1645382756,audio/359642.m4a
107133107,577097,203153,Parus major,Great Tit,359705,cc-by-nc-sa,https://static.inaturalist.org/sounds/359705.m4a?1645389733,audio/359705.m4a
107170508,3804546,203153,Parus major,Great Tit,359885,cc-by,https://static.inaturalist.org/sounds/359885.wav?1645429676,audio/359885.wav
107172577,3804546,203153,Parus major,Great Tit,359898,cc-by,https://static.inaturalist.org/sounds/359898.wav?1645434861,audio/359898.wav
107176768,3804546,203153,Parus major,Great Tit,359928,cc-by,https://static.inaturalist.org/sounds/359928.wav?1645444507,audio/359928.wav
107176798,3804546,203153,Parus major,Great Tit,359929,cc-by,https://static.inaturalist.org/sounds/359929.wav?1645444690,audio/359929.wav
107181024,4435539,203153,Parus major,Great Tit,359957,cc-by-nc,https://static.inaturalist.org/sounds/359957.m4a?1645452020,audio/359957.m4a
107183705,3804546,203153,Parus major,Great Tit,359974,cc-by,https://static.inaturalist.org/sounds/359974.wav?1645455915,audio/359974.wav
107185119,1409524,203153,Parus major,Great Tit,359994,cc-by-nc,https://static.inaturalist.org/sounds/359994.mp3?1645457554,audio/359994.mp3
107186790,5280415,203153,Parus major,Great Tit,360046,cc-by-nc,https://static.inaturalist.org/sounds/360046.m4a?1645459707,audio/360046.m4a
107197008,1409524,203153,Parus major,Great Tit,360117,cc-by-nc,https://static.inaturalist.org/sounds/360117.mp3?1645469441,audio/360117.mp3
107200351,840257,203153,Parus major,Great Tit,360144,cc-by-nc,https://static.inaturalist.org/sounds/360144.mp3?1645472491,audio/360144.mp3
107240656,742957,203153,Parus major,Great Tit,360426,cc-by,https://static.inaturalist.org/sounds/360426.wav?1645515333,audio/360426.wav
107241366,1980877,203153,Parus major,Great Tit,360432,cc-by,https://static.inaturalist.org/sounds/360432.m4a?1645516810,audio/360432.m4a
107241541,2826522,203153,Parus major,Great Tit,360433,cc-by-nc,https://static.inaturalist.org/sounds/360433.m4a?1645516877,audio/360433.m4a
107242260,1980877,203153,Parus major,Great Tit,360439,cc-by,https://static.inaturalist.org/sounds/360439.m4a?1645518696,audio/360439.m4a
107242927,3030843,203153,Parus major,Great Tit,360448,cc-by-nc,https://static.inaturalist.org/sounds/360448.m4a?1645520137,audio/360448.m4a
107243828,3030843,203153,Parus major,Great Tit,360458,cc-by-nc,https://static.inaturalist.org/sounds/360458.m4a?1645522110,audio/360458.m4a
107244832,3804546,203153,Parus major,Great Tit,360464,cc-by,https://static.inaturalist.org/sounds/360464.wav?1645524298,audio/360464.wav
107244955,3974382,203153,Parus major,Great Tit,360465,cc-by-nc,https://static.inaturalist.org/sounds/360465.m4a?1645524807,audio/360465.m4a
107252744,464262,203153,Parus major,Great Tit,360508,cc0,https://static.inaturalist.org/sounds/360508.wav?1645539551,audio/360508.wav
107299907,3458747,203153,Parus major,Great Tit,360847,cc-by,https://static.inaturalist.org/sounds/360847.mp3?1645595590,audio/360847.mp3
107301677,3458747,203153,Parus major,Great Tit,360850,cc-by,https://static.inaturalist.org/sounds/360850.mp3?1645599510,audio/360850.mp3
107303427,2826522,203153,Parus major,Great Tit,360863,cc-by-nc,https://static.inaturalist.org/sounds/360863.m4a?1645604073,audio/360863.m4a
107306781,3918672,203153,Parus major,Great Tit,360902,cc-by-nc,https://static.inaturalist.org/sounds/360902.m4a?1645612099,audio/360902.m4a
107307523,169070,203153,Parus major,Great Tit,360917,cc-by-nc,https://static.inaturalist.org/sounds/360917.m4a?1645617100,audio/360917.m4a
107307895,5379162,203153,Parus major,Great Tit,360911,cc-by-nc,https://static.inaturalist.org/sounds/360911.m4a?1645615157,audio/360911.m4a
107307972,4359732,203153,Parus major,Great Tit,360913,cc-by-nc,https://static.inaturalist.org/sounds/360913.m4a?1645615272,audio/360913.m4a
107313271,3962288,203153,Parus major,Great Tit,360948,cc-by-nc,https://static.inaturalist.org/sounds/360948.wav?1645625273,audio/360948.wav
107314115,1719466,203153,Parus major,Great Tit,360959,cc-by-nc-sa,https://static.inaturalist.org/sounds/360959.wav?1645626435,audio/360959.wav
107315434,3643504,203153,Parus major,Great Tit,360973,cc0,https://static.inaturalist.org/sounds/360973.mp3?1645628374,audio/360973.mp3
107316584,3771938,203153,Parus major,Great Tit,360988,cc-by,https://static.inaturalist.org/sounds/360988.wav?1645630110,audio/360988.wav
107318547,1963954,203153,Parus major,Great Tit,360998,cc-by-nc,https://static.inaturalist.org/sounds/360998.m4a?1645632357,audio/360998.m4a
107334472,2489493,203153,Parus major,Great Tit,361080,cc-by-nc,https://static.inaturalist.org/sounds/361080.mp3?1645649288,audio/361080.mp3
7076678,82834,13094,Erithacus rubecula,European Robin,14334,cc-by-sa,https://static.inaturalist.org/sounds/14334.wav?1502951459,audio/14334.wav
7076682,82834,13094,Erithacus rubecula,European Robin,14331,cc-by-sa,https://static.inaturalist.org/sounds/14331.wav?1502951449,audio/14331.wav
7076686,82834,13094,Erithacus rubecula,European Robin,14329,cc-by-sa,https://static.inaturalist.org/sounds/14329.wav?1502951446,audio/14329.wav
10200867,763264,13094,Erithacus rubecula,European Robin,18340,cc-by-nc,https://static.inaturalist.org/sounds/18340.mp3?1520852310,audio/18340.mp3
10259296,277626,13094,Erithacus rubecula,European Robin,18439,cc-by-nc-sa,https://static.inaturalist.org/sounds/18439.wav?1521216092,audio/18439.wav
18684873,121050,13094,Erithacus rubecula,European Robin,27694,cc-by-nc,https://static.inaturalist.org/sounds/27694.m4a?1648746889,audio/27694.m4a
19399606,1409524,13094,Erithacus rubecula,European Robin,28834,cc-by-nc,https://static.inaturalist.org/sounds/28834.mp3?1546530968,audio/28834.mp3
19524433,1395785,13094,Erithacus rubecula,European Robin,29040,cc-by-nc,https://static.inaturalist.org/sounds/29040.mp3?1547000253,audio/29040.mp3
19533533,1395785,13094,Erithacus rubecula,European Robin,29054,cc-by-nc,https://static.inaturalist.org/sounds/29054.mp3?1547050556,audio/29054.mp3
20350695,1395785,13094,Erithacus rubecula,European Robin,31231,cc-by-nc,https://static.inaturalist.org/sounds/31231.mp3?1550180550,audio/31231.mp3
21281561,675914,13094,Erithacus rubecula,European Robin,32422,cc-by-nc,https://static.inaturalist.org/sounds/32422.m4a?1648750350,audio/32422.m4a
21294718,490116,13094,Erithacus rubecula,European Robin,32441,cc-by-nc,https://static.inaturalist.org/sounds/32441.m4a?1552766512,audio/32441.m4a
21294720,490116,13094,Erithacus rubecula,European Robin,32442,cc-by-nc,https://static.inaturalist.org/sounds/32442.m4a?1552766517,audio/32442.m4a
21294723,490116,13094,Erithacus rubecula,European Robin,32443,cc-by-nc,https://static.inaturalist.org/sounds/32443.m4a?1552766523,audio/32443.m4a
21367602,490116,13094,Erithacus rubecula,European Robin,32553,cc-by-nc,https://static.inaturalist.org/sounds/32553.m4a?1552943093,audio/32553.m4a
21417996,490116,13094,Erithacus rubecula,European Robin,32703,cc-by-nc,https://static.inaturalist.org/sounds/32703.m4a?1553090088,audio/32703.m4a
21417997,490116,13094,Erithacus rubecula,European Robin,32704,cc-by-nc,https://static.inaturalist.org/sounds/32704.m4a?1553090090,audio/32704.m4a
21510494,1032079,13094,Erithacus rubecula,European Robin,32848,cc-by-nc,https://static.inaturalist.org/sounds/32848.mp3?1553337410,audio/32848.mp3
21526068,490116,13094,Erithacus rubecula,European Robin,32879,cc-by-nc,https://static.inaturalist.org/sounds/32879.m4a?1553371228,audio/32879.m4a
21526069,490116,13094,Erithacus rubecula,European Robin,32880,cc-by-nc,https://static.inaturalist.org/sounds/32880.m4a?1553371232,audio/32880.m4a
21526071,490116,13094,Erithacus rubecula,European Robin,32881,cc-by-nc,https://static.inaturalist.org/sounds/32881.m4a?1553371235,audio/32881.m4a
21526072,490116,13094,Erithacus rubecula,European Robin,32882,cc-by-nc,https://static.inaturalist.org/sounds/32882.m4a?1553371237,audio/32882.m4a
21604234,215001,13094,Erithacus rubecula,European Robin,33064,cc-by,https://static.inaturalist.org/sounds/33064.m4a?1553538991,audio/33064.m4a
21628833,1032079,13094,Erithacus rubecula,European Robin,33136,cc-by-nc,https://static.inaturalist.org/sounds/33136.mp3?1553605995,audio/33136.mp3
21727048,490116,13094,Erithacus rubecula,European Robin,33325,cc-by-nc,https://static.inaturalist.org/sounds/33325.m4a?1553836194,audio/33325.m4a
21727049,490116,13094,Erithacus rubecula,European Robin,33326,cc-by-nc,https://static.inaturalist.org/sounds/33326.m4a?1553836199,audio/33326.m4a
21727050,490116,13094,Erithacus rubecula,European Robin,33327,cc-by-nc,https://static.inaturalist.org/sounds/33327.m4a?1553836202,audio/33327.m4a
21727052,490116,13094,Erithacus rubecula,European Robin,33329,cc-by-nc,https://static.inaturalist.org/sounds/33329.m4a?1553836210,audio/33329.m4a
21727053,490116,13094,Erithacus rubecula,European Robin,33330,cc-by-nc,https://static.inaturalist.org/sounds/33330.m4a?1553836214,audio/33330.m4a
21743562,1100791,13094,Erithacus rubecula,European Robin,33371,cc-by,https://static.inaturalist.org/sounds/33371.mp3?1553891183,audio/33371.mp3
21777813,490116,13094,Erithacus rubecula,European Robin,33418,cc-by-nc,https://static.inaturalist.org/sounds/33418.m4a?1553957336,audio/33418.m4a
21826785,1453678,13094,Erithacus rubecula,European Robin,33509,cc-by-nc,https://static.inaturalist.org/sounds/33509.mp3?1554043983,audio/33509.mp3
21916444,318516,13094,Erithacus rubecula,European Robin,33691,cc-by-nc,https://static.inaturalist.org/sounds/33691.mp3?1554229411,audio/33691.mp3
22207053,490116,13094,Erithacus rubecula,European Robin,34170,cc-by-nc,https://static.inaturalist.org/sounds/34170.m4a?1554754032,audio/34170.m4a
22319949,1374722,13094,Erithacus rubecula,European Robin,34315,cc-by-nc,https://static.inaturalist.org/sounds/34315.mp3?1554981839,audio/34315.mp3
22364120,741140,13094,Erithacus rubecula,European Robin,34433,cc-by-nc,https://static.inaturalist.org/sounds/34433.mp3?1555066540,audio/34433.mp3
23150055,1363782,13094,Erithacus rubecula,European Robin,35812,cc-by-nc,https://static.inaturalist.org/sounds/35812.mp3?1556291293,audio/35812.mp3
23998863,1100791,13094,Erithacus rubecula,European Robin,36481,cc-by,https://static.inaturalist.org/sounds/36481.mp3?1556566906,audio/36481.mp3
25382970,1527518,13094,Erithacus rubecula,European Robin,39198,cc-by-nc,https://static.inaturalist.org/sounds/39198.wav?1558277432,audio/39198.wav
25727042,23016,13094,Erithacus rubecula,European Robin,39672,cc-by,https://static.inaturalist.org/sounds/39672.mp3?1558786511,audio/39672.mp3
26765695,1148550,13094,Erithacus rubecula,European Robin,41015,cc-by-nc,https://static.inaturalist.org/sounds/41015.mp4?1560196208,audio/41015.mp4
27638490,16101,13094,Erithacus rubecula,European Robin,42194,cc-by-nc,https://static.inaturalist.org/sounds/42194.m4a?1561565609,audio/42194.m4a
28407432,317,13094,Erithacus rubecula,European Robin,43057,cc0,https://static.inaturalist.org/sounds/43057.wav?1562550212,audio/43057.wav
33361083,494847,13094,Erithacus rubecula,European Robin,47553,cc-by-nc,https://static.inaturalist.org/sounds/47553.m4a?1569411789,audio/47553.m4a
34528592,1411960,13094,Erithacus rubecula,European Robin,48634,cc-by-nc,https://static.inaturalist.org/sounds/48634.wav?1571386547,audio/48634.wav
34571843,1411960,13094,Erithacus rubecula,European Robin,48688,cc-by-nc,https://static.inaturalist.org/sounds/48688.wav?1571470278,audio/48688.wav
34584396,1100791,13094,Erithacus rubecula,European Robin,48711,cc-by,https://static.inaturalist.org/sounds/48711.wav?1571499578,audio/48711.wav
35079308,215001,13094,Erithacus rubecula,European Robin,49542,cc-by,https://static.inaturalist.org/sounds/49542.m4a?1572419673,audio/49542.m4a
35234575,545290,13094,Erithacus rubecula,European Robin,49750,cc-by-nc,https://static.inaturalist.org/sounds/49750.mp3?1572783902,audio/49750.mp3
35518950,215001,13094,Erithacus rubecula,European Robin,50151,cc-by,https://static.inaturalist.org/sounds/50151.m4a?1573366195,audio/50151.m4a
35544784,227941,13094,Erithacus rubecula,European Robin,50169,cc-by-nc,https://static.inaturalist.org/sounds/50169.wav?1573422289,audio/50169.wav
35604029,1411960,13094,Erithacus rubecula,European Robin,50253,cc-by-nc,https://static.inaturalist.org/sounds/50253.wav?1573557150,audio/50253.wav
35643158,139942,13094,Erithacus rubecula,European Robin,50329,cc-by-nc,https://static.inaturalist.org/sounds/50329.mp3?1573659655,audio/50329.mp3
35643159,139942,13094,Erithacus rubecula,European Robin,50330,cc-by-nc,https://static.inaturalist.org/sounds/50330.mp3?1573659807,audio/50330.mp3
35809610,2020175,13094,Erithacus rubecula,European Robin,50607,cc-by-nc,https://static.inaturalist.org/sounds/50607.wav?1574058330,audio/50607.wav
35817135,1411960,13094,Erithacus rubecula,European Robin,50627,cc-by-nc,https://static.inaturalist.org/sounds/50627.wav?1574089560,audio/50627.wav
35944558,1411960,13094,Erithacus rubecula,European Robin,50869,cc-by-nc,https://static.inaturalist.org/sounds/50869.wav?1574422614,audio/50869.wav
35973654,1527518,13094,Erithacus rubecula,European Robin,50932,cc-by-nc,https://static.inaturalist.org/sounds/50932.wav?1574502902,audio/50932.wav
35974411,1527518,13094,Erithacus rubecula,European Robin,50934,cc-by-nc,https://static.inaturalist.org/sounds/50934.wav?1574504498,audio/50934.wav
36011665,139942,13094,Erithacus rubecula,European Robin,50999,cc-by-nc,https://static.inaturalist.org/sounds/50999.mp3?1574587196,audio/50999.mp3
36011666,139942,13094,Erithacus rubecula,European Robin,51000,cc-by-nc,https://static.inaturalist.org/sounds/51000.mp3?1574587258,audio/51000.mp3
36051786,1411960,13094,Erithacus rubecula,European Robin,51088,cc-by-nc,https://static.inaturalist.org/sounds/51088.wav?1574665838,audio/51088.wav
36051823,1673214,13094,Erithacus rubecula,European Robin,51089,cc-by-nc,https://static.inaturalist.org/sounds/51089.wav?1574666052,audio/51089.wav
36142491,1527518,13094,Erithacus rubecula,European Robin,51275,cc-by-nc,https://static.inaturalist.org/sounds/51275.wav?1574889983,audio/51275.wav
36673907,1342851,13094,Erithacus rubecula,European Robin,52858,cc-by-nc,https://static.inaturalist.org/sounds/52858.mp3?1576426854,audio/52858.mp3
36702731,1411960,13094,Erithacus rubecula,European Robin,52891,cc-by-nc,https://static.inaturalist.org/sounds/52891.wav?1576507742,audio/52891.wav
36702760,1411960,13094,Erithacus rubecula,European Robin,52892,cc-by-nc,https://static.inaturalist.org/sounds/52892.wav?1576507902,audio/52892.wav
36703488,1411960,13094,Erithacus rubecula,European Robin,52898,cc-by-nc,https://static.inaturalist.org/sounds/52898.wav?1576510631,audio/52898.wav
36704109,1411960,13094,Erithacus rubecula,European Robin,52900,cc-by-nc,https://static.inaturalist.org/sounds/52900.wav?1576512101,audio/52900.wav
36704388,1411960,13094,Erithacus rubecula,European Robin,52903,cc-by-nc,https://static.inaturalist.org/sounds/52903.wav?1576513072,audio/52903.wav
36771455,1864501,13094,Erithacus rubecula,European Robin,53028,cc-by-nc,https://static.inaturalist.org/sounds/53028.m4a?1576737188,audio/53028.m4a
36773189,1411960,13094,Erithacus rubecula,European Robin,53036,cc-by-nc,https://static.inaturalist.org/sounds/53036.wav?1576748605,audio/53036.wav
36773213,1411960,13094,Erithacus rubecula,European Robin,53037,cc-by-nc,https://static.inaturalist.org/sounds/53037.wav?1576748769,audio/53037.wav
36795435,1411960,13094,Erithacus rubecula,European Robin,53069,cc-by-nc,https://static.inaturalist.org/sounds/53069.wav?1576832796,audio/53069.wav
37031842,1527518,13094,Erithacus rubecula,European Robin,53577,cc-by-nc,https://static.inaturalist.org/sounds/53577.wav?1577548096,audio/53577.wav
37040184,1527518,13094,Erithacus rubecula,European Robin,53589,cc-by-nc,https://static.inaturalist.org/sounds/53589.wav?1577564611,audio/53589.wav
37043656,1527518,13094,Erithacus rubecula,European Robin,53597,cc-by-nc,https://static.inaturalist.org/sounds/53597.wav?1577571420,audio/53597.wav
37167035,139942,13094,Erithacus rubecula,European Robin,53865,cc-by-nc,https://static.inaturalist.org/sounds/53865.mp3?1577908136,audio/53865.mp3
37187227,1411960,13094,Erithacus rubecula,European Robin,53890,cc-by-nc,https://static.inaturalist.org/sounds/53890.wav?1577951031,audio/53890.wav
37187228,1411960,13094,Erithacus rubecula,European Robin,53891,cc-by-nc,https://static.inaturalist.org/sounds/53891.wav?1577951102,audio/53891.wav
37270468,1527518,13094,Erithacus rubecula,European Robin,54061,cc-by-nc,https://static.inaturalist.org/sounds/54061.wav?1578159359,audio/54061.wav
37344070,139942,13094,Erithacus rubecula,European Robin,54244,cc-by-nc,https://static.inaturalist.org/sounds/54244.mp3?1578335574,audio/54244.mp3
37366754,1411960,13094,Erithacus rubecula,European Robin,54313,cc-by-nc,https://static.inaturalist.org/sounds/54313.wav?1578399061,audio/54313.wav
37366780,1411960,13094,Erithacus rubecula,European Robin,54314,cc-by-nc,https://static.inaturalist.org/sounds/54314.wav?1578399231,audio/54314.wav
37465043,1527518,13094,Erithacus rubecula,European Robin,54549,cc-by-nc,https://static.inaturalist.org/sounds/54549.wav?1578689551,audio/54549.wav
37465044,1527518,13094,Erithacus rubecula,European Robin,54548,cc-by-nc,https://static.inaturalist.org/sounds/54548.wav?1578689551,audio/54548.wav
37842059,1411960,13094,Erithacus rubecula,European Robin,55446,cc-by-nc,https://static.inaturalist.org/sounds/55446.wav?1579693459,audio/55446.wav
37842070,1411960,13094,Erithacus rubecula,European Robin,55447,cc-by-nc,https://static.inaturalist.org/sounds/55447.wav?1579693554,audio/55447.wav
37870101,1411960,13094,Erithacus rubecula,European Robin,55583,cc-by-nc,https://static.inaturalist.org/sounds/55583.wav?1579776047,audio/55583.wav
37870599,1411960,13094,Erithacus rubecula,European Robin,55584,cc-by-nc,https://static.inaturalist.org/sounds/55584.wav?1579777326,audio/55584.wav
37945669,139942,13094,Erithacus rubecula,European Robin,55735,cc-by-nc,https://static.inaturalist.org/sounds/55735.mp3?1579961050,audio/55735.mp3
37966010,2515682,13094,Erithacus rubecula,European Robin,55795,cc-by,https://static.inaturalist.org/sounds/55795.mp3?1579995352,audio/55795.mp3
37998091,139942,13094,Erithacus rubecula,European Robin,55881,cc-by-nc,https://static.inaturalist.org/sounds/55881.mp3?1580068247,audio/55881.mp3
37998092,139942,13094,Erithacus rubecula,European Robin,55882,cc-by-nc,https://static.inaturalist.org/sounds/55882.mp3?1580068341,audio/55882.mp3
38032297,139942,13094,Erithacus rubecula,European Robin,55958,cc-by-nc,https://static.inaturalist.org/sounds/55958.mp3?1580148115,audio/55958.mp3
38088177,1411960,13094,Erithacus rubecula,European Robin,56078,cc-by-nc,https://static.inaturalist.org/sounds/56078.wav?1580304141,audio/56078.wav
38128829,336491,13094,Erithacus rubecula,European Robin,56223,cc-by,https://static.inaturalist.org/sounds/56223.mpga?1580421343,audio/56223.mpga
38257243,545290,13094,Erithacus rubecula,European Robin,56528,cc-by-nc,https://static.inaturalist.org/sounds/56528.mp3?1580739024,audio/56528.mp3
38324208,1733167,13094,Erithacus rubecula,European Robin,56909,cc-by-nc,https://static.inaturalist.org/sounds/56909.wav?1580901776,audio/56909.wav
38338770,1527518,13094,Erithacus rubecula,European Robin,56960,cc-by-nc,https://static.inaturalist.org/sounds/56960.wav?1580935163,audio/56960.wav
38345914,1411960,13094,Erithacus rubecula,European Robin,56989,cc-by-nc,https://static.inaturalist.org/sounds/56989.wav?1580951488,audio/56989.wav
38354867,2391245,13094,Erithacus rubecula,European Robin,57052,cc-by-nc,https://static.inaturalist.org/sounds/57052.m4a?1580984203,audio/57052.m4a
38457909,1375137,13094,Erithacus rubecula,European Robin,57325,cc-by-nc,https://static.inaturalist.org/sounds/57325.mp3?1581237736,audio/57325.mp3
38703838,1527518,13094,Erithacus rubecula,European Robin,57953,cc-by-nc,https://static.inaturalist.org/sounds/57953.mp3?1581846214,audio/57953.mp3
39210592,2527017,13094,Erithacus rubecula,European Robin,58896,cc-by-nc,https://static.inaturalist.org/sounds/58896.m4a?1582650421,audio/58896.m4a
39240995,1967944,13094,Erithacus rubecula,European Robin,58976,cc-by-nc,https://static.inaturalist.org/sounds/58976.mp3?1582724787,audio/58976.mp3
39496354,2615632,13094,Erithacus rubecula,European Robin,61036,cc-by-nc,https://static.inaturalist.org/sounds/61036.wav?1583871973,audio/61036.wav
39542640,370501,13094,Erithacus rubecula,European Robin,59997,cc-by-nc,https://static.inaturalist.org/sounds/59997.m4a?1583353452,audio/59997.m4a
39618603,1527518,13094,Erithacus rubecula,European Robin,60319,cc-by-nc,https://static.inaturalist.org/sounds/60319.wav?1583521034,audio/60319.wav
39863090,2461370,13094,Erithacus rubecula,European Robin,61204,cc-by-nc,https://static.inaturalist.org/sounds/61204.wav?1583972091,audio/61204.wav
39903476,2461370,13094,Erithacus rubecula,European Robin,61336,cc-by-nc,https://static.inaturalist.org/sounds/61336.wav?1584055000,audio/61336.wav
39944044,2461370,13094,Erithacus rubecula,European Robin,61455,cc-by-nc,https://static.inaturalist.org/sounds/61455.wav?1584139651,audio/61455.wav
39944053,2461370,13094,Erithacus rubecula,European Robin,61461,cc-by-nc,https://static.inaturalist.org/sounds/61461.wav?1584140719,audio/61461.wav
40090558,545290,13094,Erithacus rubecula,European Robin,62044,cc-by-nc,https://static.inaturalist.org/sounds/62044.mp3?1584383434,audio/62044.mp3
40174515,1017850,13094,Erithacus rubecula,European Robin,62283,cc-by-nc,https://static.inaturalist.org/sounds/62283.m4a?1584533163,audio/62283.m4a
40198336,1731167,13094,Erithacus rubecula,European Robin,62411,cc-by-nc,https://static.inaturalist.org/sounds/62411.mp3?1584563293,audio/62411.mp3
40266992,1791447,13094,Erithacus rubecula,European Robin,62679,cc-by,https://static.inaturalist.org/sounds/62679.mp3?1584664591,audio/62679.mp3
40284588,999066,13094,Erithacus rubecula,European Robin,62725,cc-by,https://static.inaturalist.org/sounds/62725.mp3?1584695648,audio/62725.mp3
40288149,999066,13094,Erithacus rubecula,European Robin,62737,cc-by,https://static.inaturalist.org/sounds/62737.mp3?1584706657,audio/62737.mp3
40292418,999066,13094,Erithacus rubecula,European Robin,62761,cc-by,https://static.inaturalist.org/sounds/62761.wav?1584714240,audio/62761.wav
40505333,999066,13094,Erithacus rubecula,European Robin,63171,cc-by,https://static.inaturalist.org/sounds/63171.wav?1584863848,audio/63171.wav
40509176,999066,13094,Erithacus rubecula,European Robin,63179,cc-by,https://static.inaturalist.org/sounds/63179.wav?1584866112,audio/63179.wav
40598968,5643,13094,Erithacus rubecula,European Robin,63554,cc-by-nc,https://static.inaturalist.org/sounds/63554.m4a?1584991666,audio/63554.m4a
40630872,545290,13094,Erithacus rubecula,European Robin,63603,cc-by-nc,https://static.inaturalist.org/sounds/63603.mp3?1585046136,audio/63603.mp3
40634995,2643331,13094,Erithacus rubecula,European Robin,63640,cc0,https://static.inaturalist.org/sounds/63640.m4a?1585056950,audio/63640.m4a
40635509,2643331,13094,Erithacus rubecula,European Robin,63647,cc0,https://static.inaturalist.org/sounds/63647.m4a?1585057848,audio/63647.m4a
41022736,227941,13094,Erithacus rubecula,European Robin,65281,cc-by-nc,https://static.inaturalist.org/sounds/65281.m4a?1585553377,audio/65281.m4a
41063242,1387615,13094,Erithacus rubecula,European Robin,65445,cc-by,https://static.inaturalist.org/sounds/65445.m4a?1585597291,audio/65445.m4a
41096990,2690067,13094,Erithacus rubecula,European Robin,65586,cc-by-nc,https://static.inaturalist.org/sounds/65586.m4a?1585648430,audio/65586.m4a
41183850,898963,13094,Erithacus rubecula,European Robin,65884,cc-by-nc,https://static.inaturalist.org/sounds/65884.m4a?1585770084,audio/65884.m4a
41214768,1100791,13094,Erithacus rubecula,European Robin,65973,cc-by,https://static.inaturalist.org/sounds/65973.wav?1585804973,audio/65973.wav
41308168,1311971,13094,Erithacus rubecula,European Robin,66237,cc-by-nc,https://static.inaturalist.org/sounds/66237.wav?1585937336,audio/66237.wav
41346294,999066,13094,Erithacus rubecula,European Robin,66332,cc-by,https://static.inaturalist.org/sounds/66332.m4a?1585979780,audio/66332.m4a
41355118,2496281,13094,Erithacus rubecula,European Robin,66375,cc-by-nc,https://static.inaturalist.org/sounds/66375.m4a?1585999582,audio/66375.m4a
41433974,898963,13094,Erithacus rubecula,European Robin,66766,cc-by-nc,https://static.inaturalist.org/sounds/66766.m4a?1586086771,audio/66766.m4a
41463563,999066,13094,Erithacus rubecula,European Robin,66898,cc-by,https://static.inaturalist.org/sounds/66898.m4a?1586111061,audio/66898.m4a
41629166,2416661,13094,Erithacus rubecula,European Robin,67793,cc-by-nc,https://static.inaturalist.org/sounds/67793.wav?1586286915,audio/67793.wav
41716054,2725738,13094,Erithacus rubecula,European Robin,68283,cc-by-nc,https://static.inaturalist.org/sounds/68283.m4a?1586380767,audio/68283.m4a
41716856,1387615,13094,Erithacus rubecula,European Robin,68296,cc-by,https://static.inaturalist.org/sounds/68296.m4a?1586381873,audio/68296.m4a
41748596,2666117,13094,Erithacus rubecula,European Robin,68471,cc-by-sa,https://static.inaturalist.org/sounds/68471.wav?1586423362,audio/68471.wav
41782044,1882892,13094,Erithacus rubecula,European Robin,68628,cc0,https://static.inaturalist.org/sounds/68628.m4a?1586463465,audio/68628.m4a
41842821,1409524,13094,Erithacus rubecula,European Robin,68874,cc-by-nc,https://static.inaturalist.org/sounds/68874.mp3?1586542759,audio/68874.mp3
41850446,1409524,13094,Erithacus rubecula,European Robin,68867,cc-by-nc,https://static.inaturalist.org/sounds/68867.mp3?1586542187,audio/68867.mp3
41851424,1387615,13094,Erithacus rubecula,European Robin,68911,cc-by,https://static.inaturalist.org/sounds/68911.m4a?1586549742,audio/68911.m4a
41916165,1411960,13094,Erithacus rubecula,European Robin,69194,cc-by-nc,https://static.inaturalist.org/sounds/69194.wav?1586624131,audio/69194.wav
41916231,1411960,13094,Erithacus rubecula,European Robin,69198,cc-by-nc,https://static.inaturalist.org/sounds/69198.wav?1586624165,audio/69198.wav
41920130,1527518,13094,Erithacus rubecula,European Robin,69221,cc-by-nc,https://static.inaturalist.org/sounds/69221.wav?1586626137,audio/69221.wav
41940664,1387615,13094,Erithacus rubecula,European Robin,69294,cc-by,https://static.inaturalist.org/sounds/69294.m4a?1586638372,audio/69294.m4a
41978782,2668650,13094,Erithacus rubecula,European Robin,69438,cc-by-nc,https://static.inaturalist.org/sounds/69438.mp3?1586673692,audio/69438.mp3
41978818,1453678,13094,Erithacus rubecula,European Robin,69439,cc-by-nc,https://static.inaturalist.org/sounds/69439.mp3?1586673722,audio/69439.mp3
41979267,1453678,13094,Erithacus rubecula,European Robin,69445,cc-by-nc,https://static.inaturalist.org/sounds/69445.mp3?1586674379,audio/69445.mp3
41985568,1643612,13094,Erithacus rubecula,European Robin,69482,cc-by-nc,https://static.inaturalist.org/sounds/69482.m4a?1586687437,audio/69482.m4a
41986788,898963,13094,Erithacus rubecula,European Robin,69492,cc-by-nc,https://static.inaturalist.org/sounds/69492.m4a?1586689287,audio/69492.m4a
42013996,1093166,13094,Erithacus rubecula,European Robin,69625,cc-by-nc,https://static.inaturalist.org/sounds/69625.mp3?1586713367,audio/69625.mp3
42030954,1153693,13094,Erithacus rubecula,European Robin,69707,cc-by-nc,https://static.inaturalist.org/sounds/69707.wav?1586723891,audio/69707.wav
42087752,1411960,13094,Erithacus rubecula,European Robin,69913,cc-by-nc,https://static.inaturalist.org/sounds/69913.wav?1586787033,audio/69913.wav
42094349,1411960,13094,Erithacus rubecula,European Robin,69950,cc-by-nc,https://static.inaturalist.org/sounds/69950.wav?1586792268,audio/69950.wav
42153987,2543683,13094,Erithacus rubecula,European Robin,70155,cc-by-nc,https://static.inaturalist.org/sounds/70155.m4a?1586862912,audio/70155.m4a
42154031,2543683,13094,Erithacus rubecula,European Robin,70162,cc-by-nc,https://static.inaturalist.org/sounds/70162.m4a?1586863094,audio/70162.m4a
42225754,1611161,13094,Erithacus rubecula,European Robin,70384,cc-by-nc,https://static.inaturalist.org/sounds/70384.m4a?1586945709,audio/70384.m4a
42241443,1992254,13094,Erithacus rubecula,European Robin,70458,cc-by,https://static.inaturalist.org/sounds/70458.wav?1586966546,audio/70458.wav
42298757,2667561,13094,Erithacus rubecula,European Robin,70647,cc-by-nc,https://static.inaturalist.org/sounds/70647.m4a?1587023912,audio/70647.m4a
42311334,1112044,13094,Erithacus rubecula,European Robin,70710,cc-by-nc,https://static.inaturalist.org/sounds/70710.m4a?1587046832,audio/70710.m4a
42314048,2731379,13094,Erithacus rubecula,European Robin,70722,cc-by-nc,https://static.inaturalist.org/sounds/70722.wav?1587049714,audio/70722.wav
42557547,2437483,13094,Erithacus rubecula,European Robin,71636,cc-by-sa,https://static.inaturalist.org/sounds/71636.wav?1587294134,audio/71636.wav
42558615,2566752,13094,Erithacus rubecula,European Robin,71645,cc-by-nc,https://static.inaturalist.org/sounds/71645.m4a?1587295817,audio/71645.m4a
42584874,1611161,13094,Erithacus rubecula,European Robin,71792,cc-by-nc,https://static.inaturalist.org/sounds/71792.m4a?1587316438,audio/71792.m4a
42644872,78963,13094,Erithacus rubecula,European Robin,71989,cc-by,https://static.inaturalist.org/sounds/71989.wav?1587356330,audio/71989.wav
42651499,2781006,13094,Erithacus rubecula,European Robin,72014,cc-by-nc,https://static.inaturalist.org/sounds/72014.m4a?1587368806,audio/72014.m4a
42655489,1453678,13094,Erithacus rubecula,European Robin,72040,cc-by-nc,https://static.inaturalist.org/sounds/72040.mp3?1587377025,audio/72040.mp3
42691207,604518,13094,Erithacus rubecula,European Robin,72203,cc-by-nc,https://static.inaturalist.org/sounds/72203.mp3?1587409643,audio/72203.mp3
42699074,1387615,13094,Erithacus rubecula,European Robin,72251,cc-by,https://static.inaturalist.org/sounds/72251.m4a?1587413891,audio/72251.m4a
42737620,614374,13094,Erithacus rubecula,European Robin,72450,cc-by-nc,https://static.inaturalist.org/sounds/72450.m4a?1587453288,audio/72450.m4a
42781245,2756179,13094,Erithacus rubecula,European Robin,72661,cc-by-nc,https://static.inaturalist.org/sounds/72661.m4a?1587497658,audio/72661.m4a
42781249,2756179,13094,Erithacus rubecula,European Robin,72662,cc-by-nc,https://static.inaturalist.org/sounds/72662.m4a?1587497662,audio/72662.m4a
42785764,1387615,13094,Erithacus rubecula,European Robin,72673,cc-by,https://static.inaturalist.org/sounds/72673.m4a?1587501070,audio/72673.m4a
42928286,725071,13094,Erithacus rubecula,European Robin,73254,cc-by-nc,https://static.inaturalist.org/sounds/73254.m4a?1587618272,audio/73254.m4a
42933588,2447213,13094,Erithacus rubecula,European Robin,73291,cc-by-nc,https://static.inaturalist.org/sounds/73291.m4a?1587627754,audio/73291.m4a
42934357,2780749,13094,Erithacus rubecula,European Robin,73298,cc-by-nc,https://static.inaturalist.org/sounds/73298.wav?1587629146,audio/73298.wav
42942052,1621587,13094,Erithacus rubecula,European Robin,73317,cc-by-nc,https://static.inaturalist.org/sounds/73317.m4a?1587640694,audio/73317.m4a
43048868,1624432,13094,Erithacus rubecula,European Robin,73743,cc-by-nc,https://static.inaturalist.org/sounds/73743.m4a?1587722383,audio/73743.m4a
43065399,1931866,13094,Erithacus rubecula,European Robin,73861,cc-by-nc,https://static.inaturalist.org/sounds/73861.mp3?1587732862,audio/73861.mp3
43084365,2821560,13094,Erithacus rubecula,European Robin,73970,cc0,https://static.inaturalist.org/sounds/73970.m4a?1587739532,audio/73970.m4a
43092595,2827768,13094,Erithacus rubecula,European Robin,74003,cc-by-nc,https://static.inaturalist.org/sounds/74003.m4a?1587741768,audio/74003.m4a
43112924,1524915,13094,Erithacus rubecula,European Robin,74072,cc-by-nc,https://static.inaturalist.org/sounds/74072.wav?1587746677,audio/74072.wav
43126220,1488476,13094,Erithacus rubecula,European Robin,74186,cc-by-nc,https://static.inaturalist.org/sounds/74186.wav?1587753007,audio/74186.wav
43159808,2543683,13094,Erithacus rubecula,European Robin,74254,cc-by-nc,https://static.inaturalist.org/sounds/74254.m4a?1587758352,audio/74254.m4a
43191006,1387615,13094,Erithacus rubecula,European Robin,74375,cc-by,https://static.inaturalist.org/sounds/74375.m4a?1587766214,audio/74375.m4a
43272761,1112044,13094,Erithacus rubecula,European Robin,74775,cc-by-nc,https://static.inaturalist.org/sounds/74775.m4a?1587800295,audio/74775.m4a
43330777,1411960,13094,Erithacus rubecula,European Robin,75061,cc-by-nc,https://static.inaturalist.org/sounds/75061.wav?1587825364,audio/75061.wav
43399791,2827667,13094,Erithacus rubecula,European Robin,75364,cc-by-nc,https://static.inaturalist.org/sounds/75364.m4a?1587839506,audio/75364.m4a
43583684,2616548,13094,Erithacus rubecula,European Robin,76153,cc0,https://static.inaturalist.org/sounds/76153.wav?1587898976,audio/76153.wav
43589294,2840169,13094,Erithacus rubecula,European Robin,76181,cc-by-nc,https://static.inaturalist.org/sounds/76181.wav?1587901524,audio/76181.wav
43632124,2775240,13094,Erithacus rubecula,European Robin,76435,cc-by-nc,https://static.inaturalist.org/sounds/76435.wav?1587913935,audio/76435.wav
43638520,2839932,13094,Erithacus rubecula,European Robin,76493,cc-by-nc,https://static.inaturalist.org/sounds/76493.m4a?1587915347,audio/76493.m4a
43681646,1938167,13094,Erithacus rubecula,European Robin,76729,cc-by-nc,https://static.inaturalist.org/sounds/76729.m4a?1587924524,audio/76729.m4a
43685443,1938167,13094,Erithacus rubecula,European Robin,76756,cc-by-nc,https://static.inaturalist.org/sounds/76756.m4a?1587925364,audio/76756.m4a
43686539,1938167,13094,Erithacus rubecula,European Robin,76770,cc-by-nc,https://static.inaturalist.org/sounds/76770.m4a?1587925606,audio/76770.m4a
43692345,725071,13094,Erithacus rubecula,European Robin,76811,cc-by-nc,https://static.inaturalist.org/sounds/76811.m4a?1587926577,audio/76811.m4a
43692391,725071,13094,Erithacus rubecula,European Robin,76819,cc-by-nc,https://static.inaturalist.org/sounds/76819.m4a?1587926635,audio/76819.m4a
43706231,2827131,13094,Erithacus rubecula,European Robin,76903,cc-by-nc,https://static.inaturalist.org/sounds/76903.m4a?1587929862,audio/76903.m4a
43728313,1387615,13094,Erithacus rubecula,European Robin,77003,cc-by,https://static.inaturalist.org/sounds/77003.m4a?1587934250,audio/77003.m4a
43844414,1591903,13094,Erithacus rubecula,European Robin,77441,cc-by-nc,https://static.inaturalist.org/sounds/77441.m4a?1587969941,audio/77441.m4a
43845919,2829324,13094,Erithacus rubecula,European Robin,77457,cc-by-nc,https://static.inaturalist.org/sounds/77457.m4a?1587970820,audio/77457.m4a
43846736,2829324,13094,Erithacus rubecula,European Robin,77459,cc-by-nc,https://static.inaturalist.org/sounds/77459.m4a?1587971557,audio/77459.m4a
43848420,2827768,13094,Erithacus rubecula,European Robin,77468,cc-by-nc,https://static.inaturalist.org/sounds/77468.m4a?1587972949,audio/77468.m4a
43850110,2829324,13094,Erithacus rubecula,European Robin,77474,cc-by-nc,https://static.inaturalist.org/sounds/77474.m4a?1587974738,audio/77474.m4a
43881103,2791204,13094,Erithacus rubecula,European Robin,77634,cc-by-nc,https://static.inaturalist.org/sounds/77634.wav?1587992519,audio/77634.wav
43902036,1931866,13094,Erithacus rubecula,European Robin,77722,cc-by-nc,https://static.inaturalist.org/sounds/77722.mp3?1587999988,audio/77722.mp3
43908292,1656200,13094,Erithacus rubecula,European Robin,77760,cc0,https://static.inaturalist.org/sounds/77760.m4a?1588001263,audio/77760.m4a
43919386,2862161,13094,Erithacus rubecula,European Robin,77816,cc-by-nc,https://static.inaturalist.org/sounds/77816.m4a?1588004303,audio/77816.m4a
43927864,1667266,13094,Erithacus rubecula,European Robin,77815,cc-by-nc,https://static.inaturalist.org/sounds/77815.wav?1588004290,audio/77815.wav
43960886,1409524,13094,Erithacus rubecula,European Robin,78028,cc-by-nc,https://static.inaturalist.org/sounds/78028.mp3?1588014886,audio/78028.mp3
43975968,1411960,13094,Erithacus rubecula,European Robin,78086,cc-by-nc,https://static.inaturalist.org/sounds/78086.wav?1588018527,audio/78086.wav
43999479,1387615,13094,Erithacus rubecula,European Robin,78163,cc-by,https://static.inaturalist.org/sounds/78163.m4a?1588023833,audio/78163.m4a
44096586,725071,13094,Erithacus rubecula,European Robin,78696,cc-by-nc,https://static.inaturalist.org/sounds/78696.m4a?1588059184,audio/78696.m4a
44096589,725071,13094,Erithacus rubecula,European Robin,78699,cc-by-nc,https://static.inaturalist.org/sounds/78699.m4a?1588059190,audio/78699.m4a
44106236,2695957,13094,Erithacus rubecula,European Robin,78736,cc-by-nc,https://static.inaturalist.org/sounds/78736.wav?1588069590,audio/78736.wav
44116330,725071,13094,Erithacus rubecula,European Robin,78799,cc-by-nc,https://static.inaturalist.org/sounds/78799.m4a?1588078766,audio/78799.m4a
44116681,2816523,13094,Erithacus rubecula,European Robin,78812,cc-by-nc,https://static.inaturalist.org/sounds/78812.m4a?1588079451,audio/78812.m4a
44148783,1611161,13094,Erithacus rubecula,European Robin,78949,cc-by-nc,https://static.inaturalist.org/sounds/78949.m4a?1588094915,audio/78949.m4a
44151367,725071,13094,Erithacus rubecula,European Robin,78960,cc-by-nc,https://static.inaturalist.org/sounds/78960.m4a?1588096415,audio/78960.m4a
44151369,725071,13094,Erithacus rubecula,European Robin,78961,cc-by-nc,https://static.inaturalist.org/sounds/78961.m4a?1588096464,audio/78961.m4a
44151382,725071,13094,Erithacus rubecula,European Robin,78970,cc-by-nc,https://static.inaturalist.org/sounds/78970.m4a?1588096639,audio/78970.m4a
44165685,1992254,13094,Erithacus rubecula,European Robin,79052,cc-by,https://static.inaturalist.org/sounds/79052.wav?1588103302,audio/79052.wav
44225029,725071,13094,Erithacus rubecula,European Robin,79310,cc-by-nc,https://static.inaturalist.org/sounds/79310.m4a?1588138580,audio/79310.m4a
44225030,725071,13094,Erithacus rubecula,European Robin,79311,cc-by-nc,https://static.inaturalist.org/sounds/79311.m4a?1588138593,audio/79311.m4a
44225037,725071,13094,Erithacus rubecula,European Robin,79316,cc-by-nc,https://static.inaturalist.org/sounds/79316.m4a?1588138650,audio/79316.m4a
44229863,2816523,13094,Erithacus rubecula,European Robin,79332,cc-by-nc,https://static.inaturalist.org/sounds/79332.m4a?1588144455,audio/79332.m4a
44235736,725071,13094,Erithacus rubecula,European Robin,79352,cc-by-nc,https://static.inaturalist.org/sounds/79352.m4a?1588151886,audio/79352.m4a
44256980,2756179,13094,Erithacus rubecula,European Robin,79482,cc-by-nc,https://static.inaturalist.org/sounds/79482.m4a?1588171999,audio/79482.m4a
44261828,2827667,13094,Erithacus rubecula,European Robin,79534,cc-by-nc,https://static.inaturalist.org/sounds/79534.m4a?1588175464,audio/79534.m4a
44362092,725071,13094,Erithacus rubecula,European Robin,80135,cc-by-nc,https://static.inaturalist.org/sounds/80135.m4a?1588250974,audio/80135.m4a
44373904,1540887,13094,Erithacus rubecula,European Robin,80193,cc-by-nc,https://static.inaturalist.org/sounds/80193.m4a?1588259470,audio/80193.m4a
44373905,1540887,13094,Erithacus rubecula,European Robin,80194,cc-by-nc,https://static.inaturalist.org/sounds/80194.m4a?1588259545,audio/80194.m4a
44452547,1938167,13094,Erithacus rubecula,European Robin,80712,cc-by-nc,https://static.inaturalist.org/sounds/80712.m4a?1588318581,audio/80712.m4a
44452556,1938167,13094,Erithacus rubecula,European Robin,80713,cc-by-nc,https://static.inaturalist.org/sounds/80713.m4a?1588318587,audio/80713.m4a
44452879,1938167,13094,Erithacus rubecula,European Robin,80715,cc-by-nc,https://static.inaturalist.org/sounds/80715.m4a?1588318937,audio/80715.m4a
44457918,614374,13094,Erithacus rubecula,European Robin,80778,cc-by-nc,https://static.inaturalist.org/sounds/80778.m4a?1588326522,audio/80778.m4a
44471807,740663,13094,Erithacus rubecula,European Robin,80884,cc-by,https://static.inaturalist.org/sounds/80884.wav?1588340557,audio/80884.wav
44489515,1917127,13094,Erithacus rubecula,European Robin,81035,cc-by-nc,https://static.inaturalist.org/sounds/81035.mp3?1588351339,audio/81035.mp3
44493505,864622,13094,Erithacus rubecula,European Robin,81080,cc-by-nc,https://static.inaturalist.org/sounds/81080.m4a?1588353530,audio/81080.m4a
44500971,725071,13094,Erithacus rubecula,European Robin,81118,cc-by-nc,https://static.inaturalist.org/sounds/81118.m4a?1588357548,audio/81118.m4a
44559771,725071,13094,Erithacus rubecula,European Robin,81394,cc-by-nc,https://static.inaturalist.org/sounds/81394.m4a?1588398076,audio/81394.m4a
44572036,1621587,13094,Erithacus rubecula,European Robin,81458,cc-by-nc,https://static.inaturalist.org/sounds/81458.m4a?1588415807,audio/81458.m4a
44573448,725071,13094,Erithacus rubecula,European Robin,81476,cc-by-nc,https://static.inaturalist.org/sounds/81476.m4a?1588417348,audio/81476.m4a
44638075,1917127,13094,Erithacus rubecula,European Robin,81865,cc-by-nc,https://static.inaturalist.org/sounds/81865.mp3?1588451462,audio/81865.mp3
44638076,1917127,13094,Erithacus rubecula,European Robin,81866,cc-by-nc,https://static.inaturalist.org/sounds/81866.mp3?1588451463,audio/81866.mp3
44655203,1003761,13094,Erithacus rubecula,European Robin,81940,cc0,https://static.inaturalist.org/sounds/81940.mp3?1588458668,audio/81940.mp3
44659110,1003761,13094,Erithacus rubecula,European Robin,81962,cc0,https://static.inaturalist.org/sounds/81962.mp3?1588460588,audio/81962.mp3
44711699,614374,13094,Erithacus rubecula,European Robin,82238,cc-by-nc,https://static.inaturalist.org/sounds/82238.m4a?1588503897,audio/82238.m4a
44755289,2618071,13094,Erithacus rubecula,European Robin,82516,cc-by,https://static.inaturalist.org/sounds/82516.wav?1588525720,audio/82516.wav
44767317,999066,13094,Erithacus rubecula,European Robin,82563,cc-by,https://static.inaturalist.org/sounds/82563.m4a?1588530242,audio/82563.m4a
44820166,1453678,13094,Erithacus rubecula,European Robin,82924,cc-by-nc,https://static.inaturalist.org/sounds/82924.mp3?1588551940,audio/82924.mp3
44859548,1411960,13094,Erithacus rubecula,European Robin,83086,cc-by-nc,https://static.inaturalist.org/sounds/83086.wav?1588587260,audio/83086.wav
44868394,1003761,13094,Erithacus rubecula,European Robin,83134,cc0,https://static.inaturalist.org/sounds/83134.mp3?1588596507,audio/83134.mp3
44880495,2840451,13094,Erithacus rubecula,European Robin,83179,cc-by-nc,https://static.inaturalist.org/sounds/83179.m4a?1588605302,audio/83179.m4a
44896311,2756179,13094,Erithacus rubecula,European Robin,83261,cc-by-nc,https://static.inaturalist.org/sounds/83261.m4a?1588614282,audio/83261.m4a
44896315,2756179,13094,Erithacus rubecula,European Robin,83265,cc-by-nc,https://static.inaturalist.org/sounds/83265.m4a?1588614289,audio/83265.m4a
44953354,1453678,13094,Erithacus rubecula,European Robin,83553,cc-by-nc,https://static.inaturalist.org/sounds/83553.mp3?1588659060,audio/83553.mp3
45006073,1409524,13094,Erithacus rubecula,European Robin,83797,cc-by-nc,https://static.inaturalist.org/sounds/83797.mp3?1588707834,audio/83797.mp3
45011542,1938167,13094,Erithacus rubecula,European Robin,83826,cc-by-nc,https://static.inaturalist.org/sounds/83826.m4a?1588711231,audio/83826.m4a
45011658,1938167,13094,Erithacus rubecula,European Robin,83828,cc-by-nc,https://static.inaturalist.org/sounds/83828.m4a?1588711284,audio/83828.m4a
45022987,1003761,13094,Erithacus rubecula,European Robin,83890,cc0,https://static.inaturalist.org/sounds/83890.mp3?1588718466,audio/83890.mp3
45082268,2886355,13094,Erithacus rubecula,European Robin,84196,cc-by-nc,https://static.inaturalist.org/sounds/84196.m4a?1588783003,audio/84196.m4a
45087666,1409524,13094,Erithacus rubecula,European Robin,84244,cc-by-nc,https://static.inaturalist.org/sounds/84244.mp3?1588786808,audio/84244.mp3
45090161,2832936,13094,Erithacus rubecula,European Robin,84254,cc-by-nc,https://static.inaturalist.org/sounds/84254.m4a?1588788305,audio/84254.m4a
45091316,2518705,13094,Erithacus rubecula,European Robin,84262,cc-by-nc,https://static.inaturalist.org/sounds/84262.mp3?1588789133,audio/84262.mp3
45105785,2765659,13094,Erithacus rubecula,European Robin,84302,cc-by-nc,https://static.inaturalist.org/sounds/84302.m4a?1588797892,audio/84302.m4a
45199006,2416661,13094,Erithacus rubecula,European Robin,84745,cc-by-nc,https://static.inaturalist.org/sounds/84745.wav?1588881401,audio/84745.wav
45242512,2832936,13094,Erithacus rubecula,European Robin,84937,cc-by-nc,https://static.inaturalist.org/sounds/84937.m4a?1588917048,audio/84937.m4a
45295039,2756179,13094,Erithacus rubecula,European Robin,85256,cc-by-nc,https://static.inaturalist.org/sounds/85256.m4a?1588965665,audio/85256.m4a
45295046,2756179,13094,Erithacus rubecula,European Robin,85258,cc-by-nc,https://static.inaturalist.org/sounds/85258.m4a?1588965667,audio/85258.m4a
45346398,1884443,13094,Erithacus rubecula,European Robin,85553,cc-by-nc,https://static.inaturalist.org/sounds/85553.m4a?1589014816,audio/85553.m4a
45359500,1409524,13094,Erithacus rubecula,European Robin,85627,cc-by-nc,https://static.inaturalist.org/sounds/85627.mp3?1589029704,audio/85627.mp3
45415802,1387615,13094,Erithacus rubecula,European Robin,85994,cc-by,https://static.inaturalist.org/sounds/85994.m4a?1589060504,audio/85994.m4a
45460187,419580,13094,Erithacus rubecula,European Robin,86198,cc0,https://static.inaturalist.org/sounds/86198.wav?1589101990,audio/86198.wav
45588985,1868443,13094,Erithacus rubecula,European Robin,86830,cc-by-nc,https://static.inaturalist.org/sounds/86830.wav?1589206231,audio/86830.wav
45665759,2756179,13094,Erithacus rubecula,European Robin,87227,cc-by-nc,https://static.inaturalist.org/sounds/87227.m4a?1589272164,audio/87227.m4a
45668591,1800831,13094,Erithacus rubecula,European Robin,87263,cc-by-nc,https://static.inaturalist.org/sounds/87263.mp3?1589278998,audio/87263.mp3
45675854,2859479,13094,Erithacus rubecula,European Robin,87301,cc-by-nc,https://static.inaturalist.org/sounds/87301.m4a?1589288409,audio/87301.m4a
45723043,1387615,13094,Erithacus rubecula,European Robin,87531,cc-by,https://static.inaturalist.org/sounds/87531.m4a?1589319099,audio/87531.m4a
45802366,156624,13094,Erithacus rubecula,European Robin,87938,cc-by-nc,https://static.inaturalist.org/sounds/87938.m4a?1589397575,audio/87938.m4a
45864002,1881745,13094,Erithacus rubecula,European Robin,88198,cc-by-nc,https://static.inaturalist.org/sounds/88198.wav?1589459765,audio/88198.wav
45980810,1453678,13094,Erithacus rubecula,European Robin,88798,cc-by-nc,https://static.inaturalist.org/sounds/88798.mp3?1589558795,audio/88798.mp3
46066674,1411960,13094,Erithacus rubecula,European Robin,89241,cc-by-nc,https://static.inaturalist.org/sounds/89241.wav?1589625307,audio/89241.wav
46076089,1409524,13094,Erithacus rubecula,European Robin,89314,cc-by-nc,https://static.inaturalist.org/sounds/89314.mp3?1589633743,audio/89314.mp3
46080774,1378608,13094,Erithacus rubecula,European Robin,89343,cc-by,https://static.inaturalist.org/sounds/89343.mp3?1589636676,audio/89343.mp3
46096147,2938046,13094,Erithacus rubecula,European Robin,89446,cc-by-nc,https://static.inaturalist.org/sounds/89446.wav?1589644438,audio/89446.wav
46116985,2618071,13094,Erithacus rubecula,European Robin,89519,cc-by,https://static.inaturalist.org/sounds/89519.wav?1589652027,audio/89519.wav
46116986,2618071,13094,Erithacus rubecula,European Robin,89522,cc-by,https://static.inaturalist.org/sounds/89522.wav?1589652114,audio/89522.wav
46191042,1251930,13094,Erithacus rubecula,European Robin,89907,cc-by-nc,https://static.inaturalist.org/sounds/89907.wav?1589693136,audio/89907.wav
46205754,1409524,13094,Erithacus rubecula,European Robin,89994,cc-by-nc,https://static.inaturalist.org/sounds/89994.mp3?1589707200,audio/89994.mp3
46231454,2981496,13094,Erithacus rubecula,European Robin,90189,cc-by-nc,https://static.inaturalist.org/sounds/90189.m4a?1589724802,audio/90189.m4a
46249666,393052,13094,Erithacus rubecula,European Robin,90303,cc-by-nc,https://static.inaturalist.org/sounds/90303.wav?1589732020,audio/90303.wav
46257769,2408560,13094,Erithacus rubecula,European Robin,90349,cc-by-nc,https://static.inaturalist.org/sounds/90349.m4a?1589734551,audio/90349.m4a
46266592,2863434,13094,Erithacus rubecula,European Robin,90421,cc-by-nc,https://static.inaturalist.org/sounds/90421.mp3?1589737449,audio/90421.mp3
46296038,393052,13094,Erithacus rubecula,European Robin,90558,cc-by-nc,https://static.inaturalist.org/sounds/90558.mp3?1589749864,audio/90558.mp3
46297217,393052,13094,Erithacus rubecula,European Robin,90572,cc-by-nc,https://static.inaturalist.org/sounds/90572.mp3?1589750420,audio/90572.mp3
46297561,393052,13094,Erithacus rubecula,European Robin,90574,cc-by-nc,https://static.inaturalist.org/sounds/90574.mp3?1589750585,audio/90574.mp3
170605449,2141782,12727,Turdus migratorius,American Robin,757445,cc-by-nc,https://static.inaturalist.org/sounds/757445.m4a?1688288761,audio/757445.m4a
170622338,4810562,12727,Turdus migratorius,American Robin,757505,cc-by-nc,https://static.inaturalist.org/sounds/757505.m4a?1688298484,audio/757505.m4a
170630808,3314770,12727,Turdus migratorius,American Robin,757717,cc-by-nc,https://static.inaturalist.org/sounds/757717.m4a?1688313709,audio/757717.m4a
170634555,296618,12727,Turdus migratorius,American Robin,757589,cc-by,https://static.inaturalist.org/sounds/757589.wav?1688304074,audio/757589.wav
170644256,6090816,12727,Turdus migratorius,American Robin,757624,cc-by-nc,https://static.inaturalist.org/sounds/757624.wav?1688307541,audio/757624.wav
170688270,224100,12727,Turdus migratorius,American Robin,757829,cc-by-nc,https://static.inaturalist.org/sounds/757829.m4a?1688320873,audio/757829.m4a
170780117,4522452,12727,Turdus migratorius,American Robin,758268,cc-by-nc,https://static.inaturalist.org/sounds/758268.m4a?1688355693,audio/758268.m4a
170800892,3334771,12727,Turdus migratorius,American Robin,758364,cc-by-nc,https://static.inaturalist.org/sounds/758364.m4a?1688370947,audio/758364.m4a
170918532,1637969,12727,Turdus migratorius,American Robin,758966,cc-by-sa,https://static.inaturalist.org/sounds/758966.m4a?1688421681,audio/758966.m4a
170928640,3564162,12727,Turdus migratorius,American Robin,759010,cc-by-nc,https://static.inaturalist.org/sounds/759010.m4a?1688425648,audio/759010.m4a
170940683,3019747,12727,Turdus migratorius,American Robin,759084,cc-by-nc,https://static.inaturalist.org/sounds/759084.m4a?1688431093,audio/759084.m4a
170948459,3803384,12727,Turdus migratorius,American Robin,759140,cc-by-nc,https://static.inaturalist.org/sounds/759140.m4a?1688434757,audio/759140.m4a
171057998,2958790,12727,Turdus migratorius,American Robin,759650,cc-by-nc,https://static.inaturalist.org/sounds/759650.m4a?1688492228,audio/759650.m4a
171059538,6647763,12727,Turdus migratorius,American Robin,759656,cc-by-nc,https://static.inaturalist.org/sounds/759656.m4a?1688492716,audio/759656.m4a
171084766,36326,12727,Turdus migratorius,American Robin,759770,cc-by-nc,https://static.inaturalist.org/sounds/759770.m4a?1688501093,audio/759770.m4a
171121277,6631088,12727,Turdus migratorius,American Robin,759951,cc-by-nc,https://static.inaturalist.org/sounds/759951.m4a?1688514712,audio/759951.m4a
171174626,164735,12727,Turdus migratorius,American Robin,760204,cc-by-nc,https://static.inaturalist.org/sounds/760204.wav?1688548531,audio/760204.wav
171248532,6473698,12727,Turdus migratorius,American Robin,760587,cc-by-nc,https://static.inaturalist.org/sounds/760587.m4a?1688581620,audio/760587.m4a
171292303,4295192,12727,Turdus migratorius,American Robin,760862,cc-by,https://static.inaturalist.org/sounds/760862.m4a?1688598592,audio/760862.m4a
171295681,1416884,12727,Turdus migratorius,American Robin,760887,cc-by-nc,https://static.inaturalist.org/sounds/760887.m4a?1688600269,audio/760887.m4a
171318385,2600261,12727,Turdus migratorius,American Robin,761037,cc0,https://static.inaturalist.org/sounds/761037.m4a?1688611247,audio/761037.m4a
171320089,3564162,12727,Turdus migratorius,American Robin,761053,cc-by-nc,https://static.inaturalist.org/sounds/761053.m4a?1688612275,audio/761053.m4a
171425118,2137395,12727,Turdus migratorius,American Robin,765592,cc-by-nc,https://static.inaturalist.org/sounds/765592.wav?1689021061,audio/765592.wav
171473593,147416,12727,Turdus migratorius,American Robin,761793,cc-by-nc,https://static.inaturalist.org/sounds/761793.wav?1688686372,audio/761793.wav
171477288,290273,12727,Turdus migratorius,American Robin,764501,cc-by-nc,https://static.inaturalist.org/sounds/764501.wav?1688918257,audio/764501.wav
171571928,5779320,12727,Turdus migratorius,American Robin,762326,cc-by-nc,https://static.inaturalist.org/sounds/762326.m4a?1688744451,audio/762326.m4a
171573504,6441550,12727,Turdus migratorius,American Robin,762333,cc-by-nc,https://static.inaturalist.org/sounds/762333.wav?1688744988,audio/762333.wav
171656621,836742,12727,Turdus migratorius,American Robin,762708,cc-by-nc,https://static.inaturalist.org/sounds/762708.m4a?1688777464,audio/762708.m4a
171770761,330936,12727,Turdus migratorius,American Robin,763342,cc-by-nc,https://static.inaturalist.org/sounds/763342.m4a?1688833976,audio/763342.m4a
171800429,3976285,12727,Turdus migratorius,American Robin,763480,cc-by-nc,https://static.inaturalist.org/sounds/763480.m4a?1688842510,audio/763480.m4a
171840054,3029117,12727,Turdus migratorius,American Robin,763624,cc-by,https://static.inaturalist.org/sounds/763624.m4a?1688854888,audio/763624.m4a
171840561,3029117,12727,Turdus migratorius,American Robin,763622,cc-by,https://static.inaturalist.org/sounds/763622.m4a?1688854764,audio/763622.m4a
171928359,138503,12727,Turdus migratorius,American Robin,764259,cc-by-nc,https://static.inaturalist.org/sounds/764259.wav?1688901929,audio/764259.wav
172053505,6063171,12727,Turdus migratorius,American Robin,764825,cc-by-nc,https://static.inaturalist.org/sounds/764825.m4a?1688941943,audio/764825.m4a
172061363,3637775,12727,Turdus migratorius,American Robin,764858,cc-by-nc,https://static.inaturalist.org/sounds/764858.m4a?1688944719,audio/764858.m4a
172074452,6007324,12727,Turdus migratorius,American Robin,764913,cc-by-nc,https://static.inaturalist.org/sounds/764913.m4a?1688949746,audio/764913.m4a
172077830,2524624,12727,Turdus migratorius,American Robin,764932,cc-by-nc,https://static.inaturalist.org/sounds/764932.m4a?1688951081,audio/764932.m4a
172086343,435637,12727,Turdus migratorius,American Robin,764963,cc-by,https://static.inaturalist.org/sounds/764963.wav?1688954498,audio/764963.wav
172094638,435637,12727,Turdus migratorius,American Robin,765002,cc-by,https://static.inaturalist.org/sounds/765002.wav?1688957707,audio/765002.wav
172223223,3070789,12727,Turdus migratorius,American Robin,765608,cc-by-nc,https://static.inaturalist.org/sounds/765608.m4a?1689021749,audio/765608.m4a
172249365,6520663,12727,Turdus migratorius,American Robin,765751,cc-by-nc,https://static.inaturalist.org/sounds/765751.m4a?1689033117,audio/765751.m4a
172260228,3244377,12727,Turdus migratorius,American Robin,765841,cc-by-nc,https://static.inaturalist.org/sounds/765841.m4a?1689038142,audio/765841.m4a
172268189,1983378,12727,Turdus migratorius,American Robin,765881,cc-by-nc,https://static.inaturalist.org/sounds/765881.m4a?1689042325,audio/765881.m4a
172421681,1392965,12727,Turdus migratorius,American Robin,766471,cc-by-nc,https://static.inaturalist.org/sounds/766471.m4a?1689117672,audio/766471.m4a
172514719,19891,12727,Turdus migratorius,American Robin,767033,cc-by-nc,https://static.inaturalist.org/sounds/767033.wav?1689174794,audio/767033.wav
172527807,4914923,12727,Turdus migratorius,American Robin,767095,cc-by,https://static.inaturalist.org/sounds/767095.m4a?1689179376,audio/767095.m4a
172538910,9432,12727,Turdus migratorius,American Robin,767147,cc-by-nc,https://static.inaturalist.org/sounds/767147.m4a?1689183514,audio/767147.m4a
172613211,482629,12727,Turdus migratorius,American Robin,767509,cc0,https://static.inaturalist.org/sounds/767509.m4a?1689216099,audio/767509.m4a
172755575,6441068,12727,Turdus migratorius,American Robin,768235,cc-by-nc,https://static.inaturalist.org/sounds/768235.m4a?1689287528,audio/768235.m4a
172767652,7147308,12727,Turdus migratorius,American Robin,768291,cc-by-nc,https://static.inaturalist.org/sounds/768291.m4a?1689293501,audio/768291.m4a
172794067,3564162,12727,Turdus migratorius,American Robin,768432,cc-by-nc,https://static.inaturalist.org/sounds/768432.m4a?1689308865,audio/768432.m4a
172946210,5515028,12727,Turdus migratorius,American Robin,769215,cc-by-nc,https://static.inaturalist.org/sounds/769215.wav?1689387189,audio/769215.wav
173005187,499660,12727,Turdus migratorius,American Robin,769573,cc-by-nc,https://static.inaturalist.org/sounds/769573.m4a?1689427099,audio/769573.m4a
173025392,7080372,12727,Turdus migratorius,American Robin,769938,cc-by-nc,https://static.inaturalist.org/sounds/769938.m4a?1689454852,audio/769938.m4a
173071453,1719552,12727,Turdus migratorius,American Robin,769830,cc-by,https://static.inaturalist.org/sounds/769830.m4a?1689448458,audio/769830.m4a
173077938,2228692,12727,Turdus migratorius,American Robin,769864,cc-by-nc,https://static.inaturalist.org/sounds/769864.m4a?1689450585,audio/769864.m4a
173116920,4601724,12727,Turdus migratorius,American Robin,770054,cc-by-nc,https://static.inaturalist.org/sounds/770054.m4a?1689464912,audio/770054.m4a
173215814,7155481,12727,Turdus migratorius,American Robin,770513,cc-by-nc,https://static.inaturalist.org/sounds/770513.m4a?1689518251,audio/770513.m4a
173274445,1899313,12727,Turdus migratorius,American Robin,770812,cc-by,https://static.inaturalist.org/sounds/770812.m4a?1689535819,audio/770812.m4a
173319128,5847435,12727,Turdus migratorius,American Robin,770993,cc0,https://static.inaturalist.org/sounds/770993.wav?1689550619,audio/770993.wav
173430187,6824222,12727,Turdus migratorius,American Robin,771534,cc-by-nc,https://static.inaturalist.org/sounds/771534.wav?1689609157,audio/771534.wav
173471892,5944787,12727,Turdus migratorius,American Robin,771722,cc-by-nc,https://static.inaturalist.org/sounds/771722.m4a?1689623502,audio/771722.m4a
173502421,6408452,12727,Turdus migratorius,American Robin,771850,cc-by-nc,https://static.inaturalist.org/sounds/771850.m4a?1689634939,audio/771850.m4a
173518220,157371,12727,Turdus migratorius,American Robin,771932,cc-by-nc,https://static.inaturalist.org/sounds/771932.m4a?1689642337,audio/771932.m4a
173520977,5515028,12727,Turdus migratorius,American Robin,771956,cc-by-nc,https://static.inaturalist.org/sounds/771956.wav?1689644481,audio/771956.wav
173678801,7154283,12727,Turdus migratorius,American Robin,772571,cc-by-nc,https://static.inaturalist.org/sounds/772571.m4a?1689721158,audio/772571.m4a
173692527,1942821,12727,Turdus migratorius,American Robin,772652,cc-by-nc,https://static.inaturalist.org/sounds/772652.m4a?1689727700,audio/772652.m4a
174004009,2575857,12727,Turdus migratorius,American Robin,774165,cc-by-nc,https://static.inaturalist.org/sounds/774165.wav?1689890329,audio/774165.wav
174016822,164735,12727,Turdus migratorius,American Robin,774196,cc-by-nc,https://static.inaturalist.org/sounds/774196.wav?1689894617,audio/774196.wav
174019538,444470,12727,Turdus migratorius,American Robin,774205,cc0,https://static.inaturalist.org/sounds/774205.m4a?1689895984,audio/774205.m4a
174021664,5298006,12727,Turdus migratorius,American Robin,774217,cc-by-nc,https://static.inaturalist.org/sounds/774217.m4a?1689897078,audio/774217.m4a
174054397,3564162,12727,Turdus migratorius,American Robin,774422,cc-by-nc,https://static.inaturalist.org/sounds/774422.m4a?1689917033,audio/774422.m4a
174119438,2600261,12727,Turdus migratorius,American Robin,760759,cc0,https://static.inaturalist.org/sounds/760759.m4a?1688595897,audio/760759.m4a
174122589,2600261,12727,Turdus migratorius,American Robin,760766,cc0,https://static.inaturalist.org/sounds/760766.m4a?1688595916,audio/760766.m4a
174284921,5708347,12727,Turdus migratorius,American Robin,775595,cc-by-nc,https://static.inaturalist.org/sounds/775595.wav?1690039357,audio/775595.wav
174292725,5905200,12727,Turdus migratorius,American Robin,775631,cc-by-nc,https://static.inaturalist.org/sounds/775631.wav?1690041804,audio/775631.wav
174293804,164735,12727,Turdus migratorius,American Robin,775637,cc-by-nc,https://static.inaturalist.org/sounds/775637.m4a?1690042111,audio/775637.m4a
174296724,164735,12727,Turdus migratorius,American Robin,775661,cc-by-nc,https://static.inaturalist.org/sounds/775661.m4a?1690042969,audio/775661.m4a
174369919,1245398,12727,Turdus migratorius,American Robin,775928,cc0,https://static.inaturalist.org/sounds/775928.m4a?1690066634,audio/775928.m4a
174395495,521996,12727,Turdus migratorius,American Robin,776855,cc-by-nc,https://static.inaturalist.org/sounds/776855.mp3?1690161701,audio/776855.mp3
174507940,6675715,12727,Turdus migratorius,American Robin,776554,cc-by-nc,https://static.inaturalist.org/sounds/776554.m4a?1690131294,audio/776554.m4a
174627982,6020002,12727,Turdus migratorius,American Robin,776991,cc-by-nc,https://static.inaturalist.org/sounds/776991.m4a?1690173742,audio/776991.m4a
174648310,1481828,12727,Turdus migratorius,American Robin,777051,cc-by-nc,https://static.inaturalist.org/sounds/777051.wav?1690189684,audio/777051.wav
174651154,7133384,12727,Turdus migratorius,American Robin,777067,cc-by-nc,https://static.inaturalist.org/sounds/777067.m4a?1690191903,audio/777067.m4a
174810456,5974606,12727,Turdus migratorius,American Robin,777606,cc-by-nc,https://static.inaturalist.org/sounds/777606.wav?1690256759,audio/777606.wav
174908664,5332906,12727,Turdus migratorius,American Robin,778074,cc-by,https://static.inaturalist.org/sounds/778074.m4a?1690310556,audio/778074.m4a
174914333,7118014,12727,Turdus migratorius,American Robin,778101,cc-by-nc,https://static.inaturalist.org/sounds/778101.m4a?1690313159,audio/778101.m4a
175008232,5963904,12727,Turdus migratorius,American Robin,778496,cc-by-nc,https://static.inaturalist.org/sounds/778496.m4a?1690365839,audio/778496.m4a
175201782,307610,12727,Turdus migratorius,American Robin,779251,cc-by-nc,https://static.inaturalist.org/sounds/779251.m4a?1690465382,audio/779251.m4a
175318257,6703129,12727,Turdus migratorius,American Robin,779748,cc-by-nc,https://static.inaturalist.org/sounds/779748.wav?1690516869,audio/779748.wav
175407397,164735,12727,Turdus migratorius,American Robin,780084,cc-by-nc,https://static.inaturalist.org/sounds/780084.m4a?1690567381,audio/780084.m4a
175452915,2201591,12727,Turdus migratorius,American Robin,780246,cc-by-nc,https://static.inaturalist.org/sounds/780246.m4a?1690586680,audio/780246.m4a
175614751,1031873,12727,Turdus migratorius,American Robin,780880,cc-by-nc,https://static.inaturalist.org/sounds/780880.m4a?1690665137,audio/780880.m4a
175637555,6888867,12727,Turdus migratorius,American Robin,780970,cc-by-nc,https://static.inaturalist.org/sounds/780970.wav?1690674823,audio/780970.wav
175650640,4322475,12727,Turdus migratorius,American Robin,730897,cc-by-nc,https://static.inaturalist.org/sounds/730897.m4a?1686260853,audio/730897.m4a
175654099,4322475,12727,Turdus migratorius,American Robin,781037,cc-by-nc,https://static.inaturalist.org/sounds/781037.m4a?1690682013,audio/781037.m4a
175750999,164735,12727,Turdus migratorius,American Robin,781458,cc-by-nc,https://static.inaturalist.org/sounds/781458.m4a?1690732811,audio/781458.m4a
175883799,1881456,12727,Turdus migratorius,American Robin,782071,cc-by-nc,https://static.inaturalist.org/sounds/782071.m4a?1690779322,audio/782071.m4a
175947354,4322475,12727,Turdus migratorius,American Robin,782413,cc-by-nc,https://static.inaturalist.org/sounds/782413.m4a?1690818047,audio/782413.m4a
175967118,4985315,12727,Turdus migratorius,American Robin,782488,cc-by-nc,https://static.inaturalist.org/sounds/782488.m4a?1690825239,audio/782488.m4a
175973345,3564162,12727,Turdus migratorius,American Robin,782516,cc-by-nc,https://static.inaturalist.org/sounds/782516.m4a?1690827699,audio/782516.m4a
176016813,435637,12727,Turdus migratorius,American Robin,782727,cc-by,https://static.inaturalist.org/sounds/782727.wav?1690844145,audio/782727.wav
176100382,5340697,12727,Turdus migratorius,American Robin,783130,cc-by-nc,https://static.inaturalist.org/sounds/783130.m4a?1690896576,audio/783130.m4a
176196924,4456108,12727,Turdus migratorius,American Robin,783482,cc-by-nc,https://static.inaturalist.org/sounds/783482.m4a?1690934445,audio/783482.m4a
176198628,4377601,12727,Turdus migratorius,American Robin,783491,cc-by-nc,https://static.inaturalist.org/sounds/783491.m4a?1690935425,audio/783491.m4a
176478031,7097428,12727,Turdus migratorius,American Robin,784888,cc-by-nc,https://static.inaturalist.org/sounds/784888.m4a?1691088655,audio/784888.m4a
176487287,5976939,12727,Turdus migratorius,American Robin,784919,cc-by-nc,https://static.inaturalist.org/sounds/784919.m4a?1691092202,audio/784919.m4a
176521461,4139482,12727,Turdus migratorius,American Robin,785033,cc-by-nc,https://static.inaturalist.org/sounds/785033.m4a?1691106782,audio/785033.m4a
176528971,1459652,12727,Turdus migratorius,American Robin,785056,cc-by-nc,https://static.inaturalist.org/sounds/785056.wav?1691110572,audio/785056.wav
176529546,5446742,12727,Turdus migratorius,American Robin,785058,cc-by,https://static.inaturalist.org/sounds/785058.m4a?1691111023,audio/785058.m4a
176535894,3564162,12727,Turdus migratorius,American Robin,785080,cc-by-nc,https://static.inaturalist.org/sounds/785080.m4a?1691113811,audio/785080.m4a
176583980,6403474,12727,Turdus migratorius,American Robin,785816,cc-by-nc,https://static.inaturalist.org/sounds/785816.m4a?1691212094,audio/785816.m4a
176588297,7039607,12727,Turdus migratorius,American Robin,785264,cc-by-nc,https://static.inaturalist.org/sounds/785264.m4a?1691153856,audio/785264.m4a
176641331,112785,12727,Turdus migratorius,American Robin,785467,cc-by-nc,https://static.inaturalist.org/sounds/785467.m4a?1691174267,audio/785467.m4a
176650237,4733246,12727,Turdus migratorius,American Robin,785501,cc-by-nc,https://static.inaturalist.org/sounds/785501.m4a?1691177561,audio/785501.m4a
176721767,3564162,12727,Turdus migratorius,American Robin,785815,cc-by-nc,https://static.inaturalist.org/sounds/785815.m4a?1691212021,audio/785815.m4a
176821072,1791402,12727,Turdus migratorius,American Robin,786254,cc0,https://static.inaturalist.org/sounds/786254.mp3?1691261144,audio/786254.mp3
176936013,298979,12727,Turdus migratorius,American Robin,786708,cc-by-nc,https://static.inaturalist.org/sounds/786708.wav?1691316358,audio/786708.wav
176941030,7223919,12727,Turdus migratorius,American Robin,786739,cc-by-nc,https://static.inaturalist.org/sounds/786739.m4a?1691319691,audio/786739.m4a
176957810,7195526,12727,Turdus migratorius,American Robin,786828,cc-by-nc,https://static.inaturalist.org/sounds/786828.m4a?1691328049,audio/786828.m4a
177048743,435637,12727,Turdus migratorius,American Robin,787105,cc-by,https://static.inaturalist.org/sounds/787105.wav?1691354367,audio/787105.wav
177072108,5548162,12727,Turdus migratorius,American Robin,787206,cc-by-nc,https://static.inaturalist.org/sounds/787206.m4a?1691363938,audio/787206.m4a
177116505,3564162,12727,Turdus migratorius,American Robin,787366,cc-by-nc,https://static.inaturalist.org/sounds/787366.m4a?1691382593,audio/787366.m4a
177156915,3564162,12727,Turdus migratorius,American Robin,787529,cc-by-nc,https://static.inaturalist.org/sounds/787529.m4a?1691412360,audio/787529.m4a
177221919,4816162,12727,Turdus migratorius,American Robin,787823,cc-by-nc,https://static.inaturalist.org/sounds/787823.m4a?1691436596,audio/787823.m4a
177377049,1099943,12727,Turdus migratorius,American Robin,788427,cc-by,https://static.inaturalist.org/sounds/788427.m4a?1691519445,audio/788427.m4a
177399065,7237243,12727,Turdus migratorius,American Robin,788517,cc-by-nc,https://static.inaturalist.org/sounds/788517.m4a?1691525617,audio/788517.m4a
177700602,1450059,12727,Turdus migratorius,American Robin,789697,cc-by-nc,https://static.inaturalist.org/sounds/789697.m4a?1691690426,audio/789697.m4a
177770117,1637969,12727,Turdus migratorius,American Robin,790025,cc-by-sa,https://static.inaturalist.org/sounds/790025.m4a?1691724132,audio/790025.m4a
177935455,1508007,12727,Turdus migratorius,American Robin,790701,cc-by-nc,https://static.inaturalist.org/sounds/790701.wav?1691810354,audio/790701.wav
178065608,7174704,12727,Turdus migratorius,American Robin,791335,cc-by-nc,https://static.inaturalist.org/sounds/791335.m4a?1691875489,audio/791335.m4a
178744728,4295192,12727,Turdus migratorius,American Robin,793955,cc-by,https://static.inaturalist.org/sounds/793955.m4a?1692219647,audio/793955.m4a
178831792,7259798,12727,Turdus migratorius,American Robin,794410,cc-by-nc,https://static.inaturalist.org/sounds/794410.m4a?1692278017,audio/794410.m4a
179139656,6626842,12727,Turdus migratorius,American Robin,795661,cc-by-nc,https://static.inaturalist.org/sounds/795661.m4a?1692450037,audio/795661.m4a
180187700,7152730,12727,Turdus migratorius,American Robin,799928,cc-by-nc,https://static.inaturalist.org/sounds/799928.m4a?1693002900,audio/799928.m4a
180281214,5753441,12727,Turdus migratorius,American Robin,800309,cc-by-nc,https://static.inaturalist.org/sounds/800309.m4a?1693063687,audio/800309.m4a
180300632,7278595,12727,Turdus migratorius,American Robin,800378,cc-by,https://static.inaturalist.org/sounds/800378.wav?1693068114,audio/800378.wav
180300664,7278595,12727,Turdus migratorius,American Robin,800393,cc-by,https://static.inaturalist.org/sounds/800393.wav?1693068947,audio/800393.wav
180496367,7310492,12727,Turdus migratorius,American Robin,801177,cc-by-nc,https://static.inaturalist.org/sounds/801177.wav?1693163813,audio/801177.wav
181224347,7329370,12727,Turdus migratorius,American Robin,804313,cc-by-nc,https://static.inaturalist.org/sounds/804313.m4a?1693587260,audio/804313.m4a
181759978,252691,12727,Turdus migratorius,American Robin,806471,cc0,https://static.inaturalist.org/sounds/806471.wav?1693845080,audio/806471.wav
182083046,7352258,12727,Turdus migratorius,American Robin,807694,cc-by-nc,https://static.inaturalist.org/sounds/807694.m4a?1694024999,audio/807694.m4a
183199448,4695509,12727,Turdus migratorius,American Robin,812116,cc-by-nc,https://static.inaturalist.org/sounds/812116.wav?1694691608,audio/812116.wav
183203497,4695509,12727,Turdus migratorius,American Robin,812146,cc-by-nc,https://static.inaturalist.org/sounds/812146.wav?1694694916,audio/812146.wav
183213696,4695509,12727,Turdus migratorius,American Robin,812199,cc-by-nc,https://static.inaturalist.org/sounds/812199.wav?1694700667,audio/812199.wav
183464455,51931,12727,Turdus migratorius,American Robin,813315,cc-by-nc,https://static.inaturalist.org/sounds/813315.m4a?1694844463,audio/813315.m4a
183587760,3148020,12727,Turdus migratorius,American Robin,813782,cc-by-nc,https://static.inaturalist.org/sounds/813782.m4a?1694907144,audio/813782.m4a
184043291,454536,12727,Turdus migratorius,American Robin,815602,cc-by-nc,https://static.inaturalist.org/sounds/815602.mp3?1695161309,audio/815602.mp3
184187961,6903165,12727,Turdus migratorius,American Robin,816234,cc-by-nc,https://static.inaturalist.org/sounds/816234.m4a?1695251576,audio/816234.m4a
184252736,315756,12727,Turdus migratorius,American Robin,816556,cc-by-nc,https://static.inaturalist.org/sounds/816556.m4a?1695302787,audio/816556.m4a
184417271,6662479,12727,Turdus migratorius,American Robin,817271,cc-by-nc,https://static.inaturalist.org/sounds/817271.wav?1695407940,audio/817271.wav
184585115,6661317,12727,Turdus migratorius,American Robin,817932,cc-by-nc,https://static.inaturalist.org/sounds/817932.wav?1695499576,audio/817932.wav
185262833,7389206,12727,Turdus migratorius,American Robin,820626,cc-by-nc,https://static.inaturalist.org/sounds/820626.m4a?1695900710,audio/820626.m4a
185426762,7458190,12727,Turdus migratorius,American Robin,821386,cc-by,https://static.inaturalist.org/sounds/821386.wav?1695998429,audio/821386.wav
185777438,2243739,12727,Turdus migratorius,American Robin,823107,cc-by-nc,https://static.inaturalist.org/sounds/823107.m4a?1696185119,audio/823107.m4a
185965942,3416237,12727,Turdus migratorius,American Robin,823927,cc-by-nc-sa,https://static.inaturalist.org/sounds/823927.m4a?1696284807,audio/823927.m4a
186093220,157371,12727,Turdus migratorius,American Robin,824577,cc-by-nc,https://static.inaturalist.org/sounds/824577.m4a?1696370910,audio/824577.m4a
186098895,6954123,12727,Turdus migratorius,American Robin,824595,cc-by-nc,https://static.inaturalist.org/sounds/824595.wav?1696374288,audio/824595.wav
186218359,315756,12727,Turdus migratorius,American Robin,825088,cc-by-nc,https://static.inaturalist.org/sounds/825088.m4a?1696459627,audio/825088.m4a
187237420,296618,12727,Turdus migratorius,American Robin,829316,cc-by,https://static.inaturalist.org/sounds/829316.wav?1697115014,audio/829316.wav
187259812,296618,12727,Turdus migratorius,American Robin,829408,cc-by,https://static.inaturalist.org/sounds/829408.wav?1697127822,audio/829408.wav
187582387,7492106,12727,Turdus migratorius,American Robin,830812,cc-by-nc,https://static.inaturalist.org/sounds/830812.mp3?1697337730,audio/830812.mp3
187684305,1597696,12727,Turdus migratorius,American Robin,831272,cc-by-nc,https://static.inaturalist.org/sounds/831272.wav?1697400978,audio/831272.wav
187723996,4348831,12727,Turdus migratorius,American Robin,831409,cc-by-nc,https://static.inaturalist.org/sounds/831409.wav?1697419665,audio/831409.wav
188068347,4751609,12727,Turdus migratorius,American Robin,833031,cc-by-nc,https://static.inaturalist.org/sounds/833031.wav?1697663630,audio/833031.wav
188142171,521220,12727,Turdus migratorius,American Robin,833346,cc-by-nc,https://static.inaturalist.org/sounds/833346.m4a?1697725722,audio/833346.m4a
188160962,3695873,12727,Turdus migratorius,American Robin,832832,cc-by-nc,https://static.inaturalist.org/sounds/832832.m4a?1697641962,audio/832832.m4a
188202662,435637,12727,Turdus migratorius,American Robin,833597,cc-by,https://static.inaturalist.org/sounds/833597.wav?1697756955,audio/833597.wav
188208341,7373356,12727,Turdus migratorius,American Robin,833656,cc-by-nc,https://static.inaturalist.org/sounds/833656.m4a?1697762487,audio/833656.m4a
188286293,5499493,12727,Turdus migratorius,American Robin,836511,cc-by-nc,https://static.inaturalist.org/sounds/836511.wav?1698190924,audio/836511.wav
188430449,4322475,12727,Turdus migratorius,American Robin,834759,cc-by-nc,https://static.inaturalist.org/sounds/834759.m4a?1697920668,audio/834759.m4a
188453641,7453584,12727,Turdus migratorius,American Robin,834850,cc-by,https://static.inaturalist.org/sounds/834850.wav?1697935000,audio/834850.wav
188521762,7343689,12727,Turdus migratorius,American Robin,835116,cc-by-nc,https://static.inaturalist.org/sounds/835116.m4a?1697985610,audio/835116.m4a
188522946,593357,12727,Turdus migratorius,American Robin,835119,cc-by-nc,https://static.inaturalist.org/sounds/835119.m4a?1697986142,audio/835119.m4a
188819109,7381321,12727,Turdus migratorius,American Robin,836390,cc-by-nc,https://static.inaturalist.org/sounds/836390.m4a?1698177726,audio/836390.m4a
189336869,296618,12727,Turdus migratorius,American Robin,838614,cc-by,https://static.inaturalist.org/sounds/838614.wav?1698578917,audio/838614.wav
189515862,3267913,12727,Turdus migratorius,American Robin,839343,cc-by-nc,https://static.inaturalist.org/sounds/839343.mp3?1698705745,audio/839343.mp3
189587609,4278631,12727,Turdus migratorius,American Robin,839630,cc-by-nc,https://static.inaturalist.org/sounds/839630.m4a?1698775447,audio/839630.m4a
189793189,1037709,12727,Turdus migratorius,American Robin,840530,cc-by-nc,https://static.inaturalist.org/sounds/840530.m4a?1698960602,audio/840530.m4a
189806163,3695873,12727,Turdus migratorius,American Robin,840563,cc-by-nc,https://static.inaturalist.org/sounds/840563.m4a?1698971301,audio/840563.m4a
190064379,227249,12727,Turdus migratorius,American Robin,841783,cc-by-nc,https://static.inaturalist.org/sounds/841783.mp3?1699188126,audio/841783.mp3
190095624,7374182,12727,Turdus migratorius,American Robin,841913,cc-by-nc,https://static.inaturalist.org/sounds/841913.m4a?1699207138,audio/841913.m4a
190103172,499660,12727,Turdus migratorius,American Robin,841936,cc-by-nc,https://static.inaturalist.org/sounds/841936.m4a?1699210756,audio/841936.m4a
190114298,5287172,12727,Turdus migratorius,American Robin,841972,cc-by,https://static.inaturalist.org/sounds/841972.m4a?1699215686,audio/841972.m4a
190127013,2626715,12727,Turdus migratorius,American Robin,842067,cc-by-nc,https://static.inaturalist.org/sounds/842067.m4a?1699221679,audio/842067.m4a
190394665,157371,12727,Turdus migratorius,American Robin,843050,cc-by-nc,https://static.inaturalist.org/sounds/843050.m4a?1699445707,audio/843050.m4a
190504292,302852,12727,Turdus migratorius,American Robin,843429,cc-by-nc,https://static.inaturalist.org/sounds/843429.m4a?1699550787,audio/843429.m4a
190562429,7492106,12727,Turdus migratorius,American Robin,843634,cc-by-nc,https://static.inaturalist.org/sounds/843634.mp3?1699603088,audio/843634.mp3
190576016,5515028,12727,Turdus migratorius,American Robin,843742,cc-by-nc,https://static.inaturalist.org/sounds/843742.wav?1699623730,audio/843742.wav
190603361,3695873,12727,Turdus migratorius,American Robin,843829,cc-by-nc,https://static.inaturalist.org/sounds/843829.m4a?1699643699,audio/843829.m4a
190603495,3695873,12727,Turdus migratorius,American Robin,843831,cc-by-nc,https://static.inaturalist.org/sounds/843831.m4a?1699643834,audio/843831.m4a
190606370,5515028,12727,Turdus migratorius,American Robin,843858,cc-by-nc,https://static.inaturalist.org/sounds/843858.wav?1699645638,audio/843858.wav
190760289,3583839,12727,Turdus migratorius,American Robin,844569,cc-by-nc,https://static.inaturalist.org/sounds/844569.mp3?1699763209,audio/844569.mp3
190799489,9432,12727,Turdus migratorius,American Robin,844743,cc-by-nc,https://static.inaturalist.org/sounds/844743.m4a?1699802658,audio/844743.m4a
191019228,5515028,12727,Turdus migratorius,American Robin,845693,cc-by-nc,https://static.inaturalist.org/sounds/845693.wav?1699986346,audio/845693.wav
191099864,3695873,12727,Turdus migratorius,American Robin,846064,cc-by-nc,https://static.inaturalist.org/sounds/846064.m4a?1700067078,audio/846064.m4a
191244356,3695873,12727,Turdus migratorius,American Robin,846064,cc-by-nc,https://static.inaturalist.org/sounds/846064.m4a?1700067078,audio/846064.m4a
191372025,2492418,12727,Turdus migratorius,American Robin,847213,cc-by-nc,https://static.inaturalist.org/sounds/847213.mp3?1700322191,audio/847213.mp3
191372138,3695873,12727,Turdus migratorius,American Robin,847217,cc-by-nc,https://static.inaturalist.org/sounds/847217.m4a?1700322539,audio/847217.m4a
191372142,3695873,12727,Turdus migratorius,American Robin,847218,cc-by-nc,https://static.inaturalist.org/sounds/847218.m4a?1700322544,audio/847218.m4a
191372148,3695873,12727,Turdus migratorius,American Robin,847219,cc-by-nc,https://static.inaturalist.org/sounds/847219.m4a?1700322548,audio/847219.m4a
191431605,111285,12727,Turdus migratorius,American Robin,847454,cc-by-nc,https://static.inaturalist.org/sounds/847454.m4a?1700361430,audio/847454.m4a
191431613,6888867,12727,Turdus migratorius,American Robin,837184,cc-by-nc,https://static.inaturalist.org/sounds/837184.wav?1698328925,audio/837184.wav
191461694,3700562,12727,Turdus migratorius,American Robin,847592,cc-by-nc,https://static.inaturalist.org/sounds/847592.m4a?1700394730,audio/847592.m4a
191522898,9432,12727,Turdus migratorius,American Robin,847916,cc-by-nc,https://static.inaturalist.org/sounds/847916.m4a?1700433200,audio/847916.m4a
191606143,7265728,12727,Turdus migratorius,American Robin,852493,cc-by-nc,https://static.inaturalist.org/sounds/852493.m4a?1701102404,audio/852493.m4a
191712975,7530548,12727,Turdus migratorius,American Robin,848798,cc-by-nc,https://static.inaturalist.org/sounds/848798.m4a?1700606998,audio/848798.m4a
191777863,3695873,12727,Turdus migratorius,American Robin,849201,cc-by-nc,https://static.inaturalist.org/sounds/849201.m4a?1700678065,audio/849201.m4a
191778666,3695873,12727,Turdus migratorius,American Robin,849210,cc-by-nc,https://static.inaturalist.org/sounds/849210.m4a?1700678518,audio/849210.m4a
191779674,3695873,12727,Turdus migratorius,American Robin,849218,cc-by-nc,https://static.inaturalist.org/sounds/849218.m4a?1700679207,audio/849218.m4a
191962463,5723129,12727,Turdus migratorius,American Robin,850220,cc-by-nc,https://static.inaturalist.org/sounds/850220.wav?1700846578,audio/850220.wav
192148145,1713542,12727,Turdus migratorius,American Robin,851358,cc-by-nc,https://static.inaturalist.org/sounds/851358.wav?1700966022,audio/851358.wav
192210334,7631753,12727,Turdus migratorius,American Robin,851752,cc-by-nc,https://static.inaturalist.org/sounds/851752.wav?1701012186,audio/851752.wav
192361854,5723129,12727,Turdus migratorius,American Robin,852540,cc-by-nc,https://static.inaturalist.org/sounds/852540.wav?1701110174,audio/852540.wav
192558049,5840344,12727,Turdus migratorius,American Robin,853453,cc-by-nc,https://static.inaturalist.org/sounds/853453.wav?1701274252,audio/853453.wav
192721334,951326,12727,Turdus migratorius,American Robin,854283,cc-by-nc,https://static.inaturalist.org/sounds/854283.m4a?1701439063,audio/854283.m4a
192813781,6234808,12727,Turdus migratorius,American Robin,854704,cc-by-nc,https://static.inaturalist.org/sounds/854704.m4a?1701523008,audio/854704.m4a
192820113,5840344,12727,Turdus migratorius,American Robin,854750,cc-by-nc,https://static.inaturalist.org/sounds/854750.wav?1701528033,audio/854750.wav
192860623,5840344,12727,Turdus migratorius,American Robin,854984,cc-by-nc,https://static.inaturalist.org/sounds/854984.wav?1701554616,audio/854984.wav
192861281,5840344,12727,Turdus migratorius,American Robin,854989,cc-by-nc,https://static.inaturalist.org/sounds/854989.wav?1701555160,audio/854989.wav
192869348,824054,12727,Turdus migratorius,American Robin,855052,cc-by,https://static.inaturalist.org/sounds/855052.wav?1701560604,audio/855052.wav
192869351,824054,12727,Turdus migratorius,American Robin,855051,cc-by,https://static.inaturalist.org/sounds/855051.wav?1701560604,audio/855051.wav
192869356,824054,12727,Turdus migratorius,American Robin,855054,cc-by,https://static.inaturalist.org/sounds/855054.wav?1701560605,audio/855054.wav
192887575,824054,12727,Turdus migratorius,American Robin,855123,cc-by,https://static.inaturalist.org/sounds/855123.wav?1701574214,audio/855123.wav
192932640,6888867,12727,Turdus migratorius,American Robin,855335,cc-by-nc,https://static.inaturalist.org/sounds/855335.wav?1701617141,audio/855335.wav
192945490,6888867,12727,Turdus migratorius,American Robin,855336,cc-by-nc,https://static.inaturalist.org/sounds/855336.wav?1701617196,audio/855336.wav
193054549,414707,12727,Turdus migratorius,American Robin,855894,cc-by,https://static.inaturalist.org/sounds/855894.mp3?1701715217,audio/855894.mp3
193179965,459348,12727,Turdus migratorius,American Robin,856517,cc-by-nc,https://static.inaturalist.org/sounds/856517.m4a?1701830303,audio/856517.m4a
193339443,7373356,12727,Turdus migratorius,American Robin,857251,cc-by-nc,https://static.inaturalist.org/sounds/857251.m4a?1701990747,audio/857251.m4a
193489694,6668396,12727,Turdus migratorius,American Robin,857985,cc-by-nc,https://static.inaturalist.org/sounds/857985.m4a?1702134036,audio/857985.m4a
193545323,3564162,12727,Turdus migratorius,American Robin,858236,cc-by-nc,https://static.inaturalist.org/sounds/858236.m4a?1702166369,audio/858236.m4a
193783256,951326,12727,Turdus migratorius,American Robin,859232,cc-by-nc,https://static.inaturalist.org/sounds/859232.m4a?1702378437,audio/859232.m4a
193804052,1514188,12727,Turdus migratorius,American Robin,859326,cc-by,https://static.inaturalist.org/sounds/859326.wav?1702400965,audio/859326.wav
193922771,3564162,12727,Turdus migratorius,American Robin,859780,cc-by-nc,https://static.inaturalist.org/sounds/859780.m4a?1702524431,audio/859780.m4a
193922812,3564162,12727,Turdus migratorius,American Robin,859781,cc-by-nc,https://static.inaturalist.org/sounds/859781.m4a?1702524447,audio/859781.m4a
193927475,2617075,12727,Turdus migratorius,American Robin,859797,cc-by-nc,https://static.inaturalist.org/sounds/859797.mp3?1702529860,audio/859797.mp3
193959684,956531,12727,Turdus migratorius,American Robin,859985,cc-by,https://static.inaturalist.org/sounds/859985.wav?1702576299,audio/859985.wav
194046784,2369621,12727,Turdus migratorius,American Robin,860418,cc-by-nc,https://static.inaturalist.org/sounds/860418.m4a?1702671117,audio/860418.m4a
194098468,1514743,12727,Turdus migratorius,American Robin,860652,cc-by-nc,https://static.inaturalist.org/sounds/860652.m4a?1702729157,audio/860652.m4a
194106524,4377284,12727,Turdus migratorius,American Robin,860678,cc-by-nc,https://static.inaturalist.org/sounds/860678.m4a?1702737522,audio/860678.m4a
194154381,7636311,12727,Turdus migratorius,American Robin,860938,cc-by-nc,https://static.inaturalist.org/sounds/860938.wav?1702776786,audio/860938.wav
194194061,7540800,12727,Turdus migratorius,American Robin,861150,cc-by-nc,https://static.inaturalist.org/sounds/861150.m4a?1702825370,audio/861150.m4a
194309803,3695873,12727,Turdus migratorius,American Robin,861782,cc-by-nc,https://static.inaturalist.org/sounds/861782.m4a?1702931155,audio/861782.m4a
194397993,679482,12727,Turdus migratorius,American Robin,862368,cc-by-nc,https://static.inaturalist.org/sounds/862368.wav?1703038225,audio/862368.wav
194428390,3675592,12727,Turdus migratorius,American Robin,862484,cc-by-nc,https://static.inaturalist.org/sounds/862484.wav?1703078724,audio/862484.wav
194513741,6441550,12727,Turdus migratorius,American Robin,862924,cc-by-nc,https://static.inaturalist.org/sounds/862924.wav?1703176924,audio/862924.wav
194538062,356492,12727,Turdus migratorius,American Robin,863081,cc-by-sa,https://static.inaturalist.org/sounds/863081.wav?1703202081,audio/863081.wav
194538206,356492,12727,Turdus migratorius,American Robin,863084,cc-by-sa,https://static.inaturalist.org/sounds/863084.wav?1703202489,audio/863084.wav
194538846,356492,12727,Turdus migratorius,American Robin,863088,cc-by-sa,https://static.inaturalist.org/sounds/863088.wav?1703203081,audio/863088.wav
194548786,356492,12727,Turdus migratorius,American Robin,863147,cc-by-sa,https://static.inaturalist.org/sounds/863147.wav?1703213609,audio/863147.wav
194548800,1176740,12727,Turdus migratorius,American Robin,863150,cc-by-sa,https://static.inaturalist.org/sounds/863150.wav?1703214236,audio/863150.wav
194549245,356492,12727,Turdus migratorius,American Robin,863148,cc-by-sa,https://static.inaturalist.org/sounds/863148.wav?1703213977,audio/863148.wav
194588792,956531,12727,Turdus migratorius,American Robin,863448,cc-by,https://static.inaturalist.org/sounds/863448.wav?1703266055,audio/863448.wav
194604881,2109309,12727,Turdus migratorius,American Robin,863560,cc-by-nc,https://static.inaturalist.org/sounds/863560.m4a?1703280515,audio/863560.m4a
194606314,2782928,12727,Turdus migratorius,American Robin,863567,cc-by-nc,https://static.inaturalist.org/sounds/863567.m4a?1703281911,audio/863567.m4a
194701914,454536,12727,Turdus migratorius,American Robin,864088,cc-by-nc,https://static.inaturalist.org/sounds/864088.mp3?1703382193,audio/864088.mp3
194743761,7631753,12727,Turdus migratorius,American Robin,864262,cc-by-nc,https://static.inaturalist.org/sounds/864262.wav?1703431479,audio/864262.wav
194852811,459348,12727,Turdus migratorius,American Robin,864897,cc-by-nc,https://static.inaturalist.org/sounds/864897.m4a?1703548146,audio/864897.m4a
194914415,459348,12727,Turdus migratorius,American Robin,865367,cc-by-nc,https://static.inaturalist.org/sounds/865367.m4a?1703617802,audio/865367.m4a
194995725,956531,12727,Turdus migratorius,American Robin,866190,cc-by,https://static.inaturalist.org/sounds/866190.wav?1703699397,audio/866190.wav
194995732,6668396,12727,Turdus migratorius,American Robin,866191,cc-by-nc,https://static.inaturalist.org/sounds/866191.m4a?1703699404,audio/866191.m4a
195029087,572980,12727,Turdus migratorius,American Robin,866453,cc-by,https://static.inaturalist.org/sounds/866453.m4a?1703724988,audio/866453.m4a
195038665,164015,12727,Turdus migratorius,American Robin,866494,cc-by-nc,https://static.inaturalist.org/sounds/866494.mp3?1703733550,audio/866494.mp3
195073019,573257,12727,Turdus migratorius,American Robin,866744,cc-by-nc,https://static.inaturalist.org/sounds/866744.m4a?1703773986,audio/866744.m4a
195172217,773549,12727,Turdus migratorius,American Robin,867324,cc-by-nc,https://static.inaturalist.org/sounds/867324.mp3?1703861358,audio/867324.mp3
195181051,3926887,12727,Turdus migratorius,American Robin,867397,cc-by-nc,https://static.inaturalist.org/sounds/867397.m4a?1703872929,audio/867397.m4a
195281022,4390689,12727,Turdus migratorius,American Robin,867895,cc-by-nc,https://static.inaturalist.org/sounds/867895.m4a?1703957469,audio/867895.m4a
195347296,432801,12727,Turdus migratorius,American Robin,868207,cc-by-nc,https://static.inaturalist.org/sounds/868207.wav?1704005913,audio/868207.wav
195389470,435637,12727,Turdus migratorius,American Robin,868463,cc-by,https://static.inaturalist.org/sounds/868463.wav?1704047095,audio/868463.wav
195389479,435637,12727,Turdus migratorius,American Robin,868466,cc-by,https://static.inaturalist.org/sounds/868466.wav?1704047116,audio/868466.wav
195404694,3816198,12727,Turdus migratorius,American Robin,868575,cc-by-nc-sa,https://static.inaturalist.org/sounds/868575.m4a?1704057854,audio/868575.m4a
195519106,435637,12727,Turdus migratorius,American Robin,869280,cc-by,https://static.inaturalist.org/sounds/869280.wav?1704153671,audio/869280.wav
195659491,280446,12727,Turdus migratorius,American Robin,870269,cc-by-nc,https://static.inaturalist.org/sounds/870269.m4a?1704288994,audio/870269.m4a
195818429,4234523,12727,Turdus migratorius,American Robin,871141,cc-by-nc,https://static.inaturalist.org/sounds/871141.m4a?1704439379,audio/871141.m4a
195839390,5840344,12727,Turdus migratorius,American Robin,871275,cc-by-nc,https://static.inaturalist.org/sounds/871275.wav?1704465892,audio/871275.wav
195841607,5840344,12727,Turdus migratorius,American Robin,871285,cc-by-nc,https://static.inaturalist.org/sounds/871285.wav?1704468074,audio/871285.wav
195916723,1955626,12727,Turdus migratorius,American Robin,871731,cc-by-nc,https://static.inaturalist.org/sounds/871731.m4a?1704540986,audio/871731.m4a
196004043,4465482,12727,Turdus migratorius,American Robin,872296,cc-by-nc,https://static.inaturalist.org/sounds/872296.wav?1704613877,audio/872296.wav
196004257,4465482,12727,Turdus migratorius,American Robin,872301,cc-by-nc,https://static.inaturalist.org/sounds/872301.wav?1704614159,audio/872301.wav
196095020,4465482,12727,Turdus migratorius,American Robin,872944,cc-by-nc,https://static.inaturalist.org/sounds/872944.wav?1704688679,audio/872944.wav
196108310,4465482,12727,Turdus migratorius,American Robin,873053,cc-by-nc,https://static.inaturalist.org/sounds/873053.mp3?1704704621,audio/873053.mp3
196253803,435637,12727,Turdus migratorius,American Robin,873740,cc-by,https://static.inaturalist.org/sounds/873740.wav?1704859010,audio/873740.wav
196253971,435637,12727,Turdus migratorius,American Robin,873742,cc-by,https://static.inaturalist.org/sounds/873742.wav?1704859016,audio/873742.wav
196346939,3564162,12727,Turdus migratorius,American Robin,874250,cc-by-nc,https://static.inaturalist.org/sounds/874250.m4a?1704976285,audio/874250.m4a
196349804,220315,12727,Turdus migratorius,American Robin,874270,cc-by-nc,https://static.inaturalist.org/sounds/874270.m4a?1704979808,audio/874270.m4a
196377778,7651695,12727,Turdus migratorius,American Robin,874376,cc-by-nc,https://static.inaturalist.org/sounds/874376.m4a?1705008530,audio/874376.m4a
196546078,586965,12727,Turdus migratorius,American Robin,875167,cc-by-nc,https://static.inaturalist.org/sounds/875167.m4a?1705169896,audio/875167.m4a
196626203,3535624,12727,Turdus migratorius,American Robin,875319,cc-by-nc,https://static.inaturalist.org/sounds/875319.m4a?1705199820,audio/875319.m4a
196801502,2437805,12727,Turdus migratorius,American Robin,876503,cc-by-nc,https://static.inaturalist.org/sounds/876503.m4a?1705366549,audio/876503.m4a
196846204,1660306,12727,Turdus migratorius,American Robin,876930,cc-by-nc,https://static.inaturalist.org/sounds/876930.m4a?1705421534,audio/876930.m4a
196922495,7146342,12727,Turdus migratorius,American Robin,878423,cc-by-nc,https://static.inaturalist.org/sounds/878423.wav?1705508895,audio/878423.wav
196929566,7719042,12727,Turdus migratorius,American Robin,878585,cc-by-nc,https://static.inaturalist.org/sounds/878585.m4a?1705515778,audio/878585.m4a
197019485,1037709,12727,Turdus migratorius,American Robin,879202,cc-by-nc,https://static.inaturalist.org/sounds/879202.m4a?1705616732,audio/879202.m4a
197089242,182135,12727,Turdus migratorius,American Robin,879650,cc-by-nc,https://static.inaturalist.org/sounds/879650.m4a?1705699439,audio/879650.m4a
197227580,5515028,12727,Turdus migratorius,American Robin,880503,cc-by-nc,https://static.inaturalist.org/sounds/880503.m4a?1705848106,audio/880503.m4a
197263717,7737208,12727,Turdus migratorius,American Robin,880694,cc-by-nc,https://static.inaturalist.org/sounds/880694.m4a?1705877340,audio/880694.m4a
197333266,7441609,12727,Turdus migratorius,American Robin,881244,cc-by-nc,https://static.inaturalist.org/sounds/881244.m4a?1705954373,audio/881244.m4a
197363681,18812,12727,Turdus migratorius,American Robin,881841,cc-by-nc,https://static.inaturalist.org/sounds/881841.wav?1705984228,audio/881841.wav
197404263,7101541,12727,Turdus migratorius,American Robin,882162,cc-by-nc,https://static.inaturalist.org/sounds/882162.wav?1706038406,audio/882162.wav
197640287,835060,12727,Turdus migratorius,American Robin,884477,cc-by-nc,https://static.inaturalist.org/sounds/884477.mp3?1706306525,audio/884477.mp3
54070282,169070,10070,Fringilla coelebs,Common Chaffinch,123840,cc-by-nc,https://static.inaturalist.org/sounds/123840.mp3?1595523092,audio/123840.mp3
54071647,169070,10070,Fringilla coelebs,Common Chaffinch,123859,cc-by-nc,https://static.inaturalist.org/sounds/123859.mp3?1595524285,audio/123859.mp3
54166330,725071,10070,Fringilla coelebs,Common Chaffinch,124080,cc-by-nc,https://static.inaturalist.org/sounds/124080.m4a?1595604608,audio/124080.m4a
54166333,725071,10070,Fringilla coelebs,Common Chaffinch,124081,cc-by-nc,https://static.inaturalist.org/sounds/124081.m4a?1595604614,audio/124081.m4a
54166638,725071,10070,Fringilla coelebs,Common Chaffinch,124091,cc-by-nc,https://static.inaturalist.org/sounds/124091.m4a?1595604957,audio/124091.m4a
54290831,725071,10070,Fringilla coelebs,Common Chaffinch,124422,cc-by-nc,https://static.inaturalist.org/sounds/124422.m4a?1595696854,audio/124422.m4a
54290847,725071,10070,Fringilla coelebs,Common Chaffinch,124430,cc-by-nc,https://static.inaturalist.org/sounds/124430.m4a?1595696927,audio/124430.m4a
54555425,1409524,10070,Fringilla coelebs,Common Chaffinch,124980,cc-by-nc,https://static.inaturalist.org/sounds/124980.mp3?1595874236,audio/124980.mp3
54649777,725071,10070,Fringilla coelebs,Common Chaffinch,125172,cc-by-nc,https://static.inaturalist.org/sounds/125172.m4a?1595957082,audio/125172.m4a
54842807,169070,10070,Fringilla coelebs,Common Chaffinch,125870,cc-by-nc,https://static.inaturalist.org/sounds/125870.mp3?1596121812,audio/125870.mp3
55268339,3375507,10070,Fringilla coelebs,Common Chaffinch,127264,cc-by-nc,https://static.inaturalist.org/sounds/127264.m4a?1596457687,audio/127264.m4a
55784611,1409524,10070,Fringilla coelebs,Common Chaffinch,128522,cc-by-nc,https://static.inaturalist.org/sounds/128522.mp3?1596882958,audio/128522.mp3
55786687,169070,10070,Fringilla coelebs,Common Chaffinch,128546,cc-by-nc,https://static.inaturalist.org/sounds/128546.mp3?1596889964,audio/128546.mp3
55788692,169070,10070,Fringilla coelebs,Common Chaffinch,128550,cc-by-nc,https://static.inaturalist.org/sounds/128550.wav?1596891322,audio/128550.wav
56253936,3441825,10070,Fringilla coelebs,Common Chaffinch,129601,cc-by-nc,https://static.inaturalist.org/sounds/129601.m4a?1597262013,audio/129601.m4a
57116170,2264821,10070,Fringilla coelebs,Common Chaffinch,131655,cc-by,https://static.inaturalist.org/sounds/131655.wav?1598014208,audio/131655.wav
57526696,2992640,10070,Fringilla coelebs,Common Chaffinch,141538,cc-by-nc,https://static.inaturalist.org/sounds/141538.m4a?1602252126,audio/141538.m4a
58028087,169070,10070,Fringilla coelebs,Common Chaffinch,133523,cc-by-nc,https://static.inaturalist.org/sounds/133523.wav?1598797548,audio/133523.wav
58134816,2618071,10070,Fringilla coelebs,Common Chaffinch,133718,cc-by,https://static.inaturalist.org/sounds/133718.wav?1598871889,audio/133718.wav
58782632,58340,10070,Fringilla coelebs,Common Chaffinch,134860,cc-by,https://static.inaturalist.org/sounds/134860.m4a?1599434590,audio/134860.m4a
60202496,169070,10070,Fringilla coelebs,Common Chaffinch,137390,cc-by-nc,https://static.inaturalist.org/sounds/137390.wav?1600618545,audio/137390.wav
60211614,169070,10070,Fringilla coelebs,Common Chaffinch,137404,cc-by-nc,https://static.inaturalist.org/sounds/137404.wav?1600622169,audio/137404.wav
60310496,169070,10070,Fringilla coelebs,Common Chaffinch,137570,cc-by-nc,https://static.inaturalist.org/sounds/137570.wav?1600692508,audio/137570.wav
60562586,2461370,10070,Fringilla coelebs,Common Chaffinch,138048,cc-by-nc,https://static.inaturalist.org/sounds/138048.wav?1600900750,audio/138048.wav
60686325,748780,10070,Fringilla coelebs,Common Chaffinch,138245,cc-by-nc,https://static.inaturalist.org/sounds/138245.m4a?1601011156,audio/138245.m4a
60770713,1527518,10070,Fringilla coelebs,Common Chaffinch,138469,cc-by-nc,https://static.inaturalist.org/sounds/138469.wav?1601076726,audio/138469.wav
60947141,3660033,10070,Fringilla coelebs,Common Chaffinch,138886,cc-by-nc,https://static.inaturalist.org/sounds/138886.mp3?1601206731,audio/138886.mp3
63314648,169070,10070,Fringilla coelebs,Common Chaffinch,144659,cc-by-nc,https://static.inaturalist.org/sounds/144659.mp3?1603460706,audio/144659.mp3
63953227,1409524,10070,Fringilla coelebs,Common Chaffinch,146295,cc-by-nc,https://static.inaturalist.org/sounds/146295.mp3?1604228930,audio/146295.mp3
64052230,169070,10070,Fringilla coelebs,Common Chaffinch,146567,cc-by-nc,https://static.inaturalist.org/sounds/146567.mp3?1604340853,audio/146567.mp3
64361032,3292820,10070,Fringilla coelebs,Common Chaffinch,147315,cc-by-nc,https://static.inaturalist.org/sounds/147315.wav?1604759667,audio/147315.wav
64544931,2692769,10070,Fringilla coelebs,Common Chaffinch,149044,cc-by,https://static.inaturalist.org/sounds/149044.mp3?1605472222,audio/149044.mp3
64544937,2692769,10070,Fringilla coelebs,Common Chaffinch,149042,cc-by,https://static.inaturalist.org/sounds/149042.mp3?1605472141,audio/149042.mp3
64544941,2692769,10070,Fringilla coelebs,Common Chaffinch,149039,cc-by,https://static.inaturalist.org/sounds/149039.mp3?1605471986,audio/149039.mp3
64544942,2692769,10070,Fringilla coelebs,Common Chaffinch,149038,cc-by,https://static.inaturalist.org/sounds/149038.mp3?1605471949,audio/149038.mp3
64544945,2692769,10070,Fringilla coelebs,Common Chaffinch,149036,cc-by,https://static.inaturalist.org/sounds/149036.mp3?1605471813,audio/149036.mp3
64544946,2692769,10070,Fringilla coelebs,Common Chaffinch,149037,cc-by,https://static.inaturalist.org/sounds/149037.mp3?1605471894,audio/149037.mp3
64544948,2692769,10070,Fringilla coelebs,Common Chaffinch,149033,cc-by,https://static.inaturalist.org/sounds/149033.mp3?1605471679,audio/149033.mp3
64544953,2692769,10070,Fringilla coelebs,Common Chaffinch,149029,cc-by,https://static.inaturalist.org/sounds/149029.mp3?1605471506,audio/149029.mp3
64544956,2692769,10070,Fringilla coelebs,Common Chaffinch,149027,cc-by,https://static.inaturalist.org/sounds/149027.mp3?1605471424,audio/149027.mp3
65168934,2967589,10070,Fringilla coelebs,Common Chaffinch,149508,cc-by-nc,https://static.inaturalist.org/sounds/149508.m4a?1605732483,audio/149508.m4a
65276230,169070,10070,Fringilla coelebs,Common Chaffinch,149794,cc-by-nc,https://static.inaturalist.org/sounds/149794.wav?1605882715,audio/149794.wav
65279942,169070,10070,Fringilla coelebs,Common Chaffinch,149815,cc-by-nc,https://static.inaturalist.org/sounds/149815.mp3?1605889638,audio/149815.mp3
65279946,169070,10070,Fringilla coelebs,Common Chaffinch,149817,cc-by-nc,https://static.inaturalist.org/sounds/149817.mp3?1605889689,audio/149817.mp3
65333203,1527518,10070,Fringilla coelebs,Common Chaffinch,150002,cc-by-nc,https://static.inaturalist.org/sounds/150002.wav?1605969439,audio/150002.wav
65764308,169070,10070,Fringilla coelebs,Common Chaffinch,151372,cc-by-nc,https://static.inaturalist.org/sounds/151372.mp3?1606588789,audio/151372.mp3
66096044,169070,10070,Fringilla coelebs,Common Chaffinch,152335,cc-by-nc,https://static.inaturalist.org/sounds/152335.mp3?1607102477,audio/152335.mp3
66096058,169070,10070,Fringilla coelebs,Common Chaffinch,152339,cc-by-nc,https://static.inaturalist.org/sounds/152339.mp3?1607102818,audio/152339.mp3
66096065,169070,10070,Fringilla coelebs,Common Chaffinch,152341,cc-by-nc,https://static.inaturalist.org/sounds/152341.mp3?1607102941,audio/152341.mp3
66096331,169070,10070,Fringilla coelebs,Common Chaffinch,152344,cc-by-nc,https://static.inaturalist.org/sounds/152344.mp3?1607103076,audio/152344.mp3
66181593,2533480,10070,Fringilla coelebs,Common Chaffinch,152531,cc-by,https://static.inaturalist.org/sounds/152531.mp3?1607247535,audio/152531.mp3
66189426,169070,10070,Fringilla coelebs,Common Chaffinch,152568,cc-by-nc,https://static.inaturalist.org/sounds/152568.mp3?1607266458,audio/152568.mp3
66206266,2798271,10070,Fringilla coelebs,Common Chaffinch,152618,cc-by-nc,https://static.inaturalist.org/sounds/152618.mp3?1607280947,audio/152618.mp3
66296077,147672,10070,Fringilla coelebs,Common Chaffinch,152925,cc-by-nc,https://static.inaturalist.org/sounds/152925.mp3?1607445194,audio/152925.mp3
66426393,169070,10070,Fringilla coelebs,Common Chaffinch,153325,cc-by-nc,https://static.inaturalist.org/sounds/153325.mp3?1607710692,audio/153325.mp3
66531372,3849012,10070,Fringilla coelebs,Common Chaffinch,153638,cc-by-nc,https://static.inaturalist.org/sounds/153638.wav?1607885775,audio/153638.wav
67016239,169070,10070,Fringilla coelebs,Common Chaffinch,155110,cc-by-nc,https://static.inaturalist.org/sounds/155110.mp3?1608837627,audio/155110.mp3
67060157,1880739,10070,Fringilla coelebs,Common Chaffinch,155318,cc-by-nc,https://static.inaturalist.org/sounds/155318.wav?1608935014,audio/155318.wav
67125593,2967589,10070,Fringilla coelebs,Common Chaffinch,155543,cc-by-nc,https://static.inaturalist.org/sounds/155543.wav?1609052284,audio/155543.wav
67129105,2967589,10070,Fringilla coelebs,Common Chaffinch,155556,cc-by-nc,https://static.inaturalist.org/sounds/155556.wav?1609061795,audio/155556.wav
67187826,169070,10070,Fringilla coelebs,Common Chaffinch,155719,cc-by-nc,https://static.inaturalist.org/sounds/155719.mp3?1609153864,audio/155719.mp3
67360954,169070,10070,Fringilla coelebs,Common Chaffinch,156184,cc-by-nc,https://static.inaturalist.org/sounds/156184.mp3?1609436237,audio/156184.mp3
67417142,2353614,10070,Fringilla coelebs,Common Chaffinch,156351,cc-by-nc,https://static.inaturalist.org/sounds/156351.m4a?1609534037,audio/156351.m4a
67453137,3735362,10070,Fringilla coelebs,Common Chaffinch,156508,cc-by-nc,https://static.inaturalist.org/sounds/156508.mp3?1609591068,audio/156508.mp3
67535034,3928089,10070,Fringilla coelebs,Common Chaffinch,156851,cc-by-nc,https://static.inaturalist.org/sounds/156851.m4a?1609708605,audio/156851.m4a
67999857,169070,10070,Fringilla coelebs,Common Chaffinch,158365,cc-by-nc,https://static.inaturalist.org/sounds/158365.mp3?1610536091,audio/158365.mp3
68002785,169070,10070,Fringilla coelebs,Common Chaffinch,158384,cc-by-nc,https://static.inaturalist.org/sounds/158384.mp3?1610544088,audio/158384.mp3
68146239,1481279,10070,Fringilla coelebs,Common Chaffinch,158883,cc-by,https://static.inaturalist.org/sounds/158883.wav?1610790366,audio/158883.wav
68151302,2756179,10070,Fringilla coelebs,Common Chaffinch,158903,cc-by-nc,https://static.inaturalist.org/sounds/158903.m4a?1610802599,audio/158903.m4a
68204715,2533480,10070,Fringilla coelebs,Common Chaffinch,159044,cc-by,https://static.inaturalist.org/sounds/159044.mp3?1610876140,audio/159044.mp3
68217542,1530557,10070,Fringilla coelebs,Common Chaffinch,159119,cc-by-nc,https://static.inaturalist.org/sounds/159119.mp3?1610899202,audio/159119.mp3
68223901,1530557,10070,Fringilla coelebs,Common Chaffinch,159142,cc-by-nc,https://static.inaturalist.org/sounds/159142.mp3?1610907147,audio/159142.mp3
68266933,169070,10070,Fringilla coelebs,Common Chaffinch,159278,cc-by-nc,https://static.inaturalist.org/sounds/159278.mp3?1610969339,audio/159278.mp3
68372692,169070,10070,Fringilla coelebs,Common Chaffinch,159607,cc-by-nc,https://static.inaturalist.org/sounds/159607.mp3?1611163141,audio/159607.mp3
69103059,2746811,10070,Fringilla coelebs,Common Chaffinch,162397,cc-by-nc,https://static.inaturalist.org/sounds/162397.wav?1612558788,audio/162397.wav
69190784,2870290,10070,Fringilla coelebs,Common Chaffinch,162722,cc-by-nc,https://static.inaturalist.org/sounds/162722.m4a?1612684276,audio/162722.m4a
69251229,2967589,10070,Fringilla coelebs,Common Chaffinch,163241,cc-by-nc,https://static.inaturalist.org/sounds/163241.wav?1612901392,audio/163241.wav
69369089,1409524,10070,Fringilla coelebs,Common Chaffinch,163235,cc-by-nc,https://static.inaturalist.org/sounds/163235.mp3?1612899262,audio/163235.mp3
69766317,169070,10070,Fringilla coelebs,Common Chaffinch,164966,cc-by-nc,https://static.inaturalist.org/sounds/164966.mp3?1613659246,audio/164966.mp3
69778449,543609,10070,Fringilla coelebs,Common Chaffinch,165021,cc-by-nc,https://static.inaturalist.org/sounds/165021.mp3?1613677013,audio/165021.mp3
69800995,2294180,10070,Fringilla coelebs,Common Chaffinch,165113,cc-by,https://static.inaturalist.org/sounds/165113.wav?1613711944,audio/165113.wav
69805375,3880090,10070,Fringilla coelebs,Common Chaffinch,165133,cc-by,https://static.inaturalist.org/sounds/165133.m4a?1613724945,audio/165133.m4a
69817890,419580,10070,Fringilla coelebs,Common Chaffinch,165197,cc0,https://static.inaturalist.org/sounds/165197.wav?1613752030,audio/165197.wav
69976830,543609,10070,Fringilla coelebs,Common Chaffinch,165820,cc-by-nc,https://static.inaturalist.org/sounds/165820.mp3?1613984165,audio/165820.mp3
69980226,227941,10070,Fringilla coelebs,Common Chaffinch,165844,cc-by-nc,https://static.inaturalist.org/sounds/165844.m4a?1613992975,audio/165844.m4a
69990837,419580,10070,Fringilla coelebs,Common Chaffinch,165917,cc0,https://static.inaturalist.org/sounds/165917.wav?1614011092,audio/165917.wav
70055487,147672,10070,Fringilla coelebs,Common Chaffinch,166196,cc-by-nc,https://static.inaturalist.org/sounds/166196.mp3?1614114796,audio/166196.mp3
70083192,419580,10070,Fringilla coelebs,Common Chaffinch,166307,cc0,https://static.inaturalist.org/sounds/166307.wav?1614167564,audio/166307.wav
70133043,3147153,10070,Fringilla coelebs,Common Chaffinch,166523,cc-by,https://static.inaturalist.org/sounds/166523.wav?1614235699,audio/166523.wav
70186310,419580,10070,Fringilla coelebs,Common Chaffinch,166742,cc0,https://static.inaturalist.org/sounds/166742.wav?1614320284,audio/166742.wav
70206477,1087377,10070,Fringilla coelebs,Common Chaffinch,166862,cc-by-nc,https://static.inaturalist.org/sounds/166862.wav?1614363168,audio/166862.wav
70240492,2612584,10070,Fringilla coelebs,Common Chaffinch,167065,cc-by-nc,https://static.inaturalist.org/sounds/167065.m4a?1614411951,audio/167065.m4a
70243112,1397834,10070,Fringilla coelebs,Common Chaffinch,167075,cc-by-nc,https://static.inaturalist.org/sounds/167075.m4a?1614418126,audio/167075.m4a
70253739,169070,10070,Fringilla coelebs,Common Chaffinch,167156,cc-by-nc,https://static.inaturalist.org/sounds/167156.mp3?1614438384,audio/167156.mp3
70321139,419580,10070,Fringilla coelebs,Common Chaffinch,167523,cc0,https://static.inaturalist.org/sounds/167523.wav?1614524040,audio/167523.wav
70329828,2496993,10070,Fringilla coelebs,Common Chaffinch,167577,cc-by,https://static.inaturalist.org/sounds/167577.wav?1614532487,audio/167577.wav
70338917,1824031,10070,Fringilla coelebs,Common Chaffinch,167620,cc-by-nc,https://static.inaturalist.org/sounds/167620.wav?1614539936,audio/167620.wav
70490834,1114896,10070,Fringilla coelebs,Common Chaffinch,168428,cc-by,https://static.inaturalist.org/sounds/168428.wav?1614761257,audio/168428.wav
70493930,169070,10070,Fringilla coelebs,Common Chaffinch,168443,cc-by-nc,https://static.inaturalist.org/sounds/168443.mp3?1614770251,audio/168443.mp3
70552039,3121352,10070,Fringilla coelebs,Common Chaffinch,168710,cc-by,https://static.inaturalist.org/sounds/168710.m4a?1614863504,audio/168710.m4a
70601780,2533480,10070,Fringilla coelebs,Common Chaffinch,168968,cc-by,https://static.inaturalist.org/sounds/168968.mp3?1614938332,audio/168968.mp3
70611902,2533480,10070,Fringilla coelebs,Common Chaffinch,169094,cc-by,https://static.inaturalist.org/sounds/169094.mp3?1614960457,audio/169094.mp3
70619815,2533480,10070,Fringilla coelebs,Common Chaffinch,169141,cc-by,https://static.inaturalist.org/sounds/169141.mp3?1614969978,audio/169141.mp3
70630568,2489493,10070,Fringilla coelebs,Common Chaffinch,169241,cc-by-nc,https://static.inaturalist.org/sounds/169241.mp3?1614983313,audio/169241.mp3
70656308,2496993,10070,Fringilla coelebs,Common Chaffinch,169359,cc-by,https://static.inaturalist.org/sounds/169359.wav?1615023885,audio/169359.wav
70682868,2533480,10070,Fringilla coelebs,Common Chaffinch,169496,cc-by,https://static.inaturalist.org/sounds/169496.mp3?1615059032,audio/169496.mp3
70686982,2533480,10070,Fringilla coelebs,Common Chaffinch,169517,cc-by,https://static.inaturalist.org/sounds/169517.mp3?1615062723,audio/169517.mp3
70774224,3131589,10070,Fringilla coelebs,Common Chaffinch,169953,cc-by-nc,https://static.inaturalist.org/sounds/169953.wav?1615156770,audio/169953.wav
70868270,2496993,10070,Fringilla coelebs,Common Chaffinch,170464,cc-by,https://static.inaturalist.org/sounds/170464.wav?1615283136,audio/170464.wav
71007859,169070,10070,Fringilla coelebs,Common Chaffinch,171119,cc-by-nc,https://static.inaturalist.org/sounds/171119.mp3?1615483155,audio/171119.mp3
71008112,169070,10070,Fringilla coelebs,Common Chaffinch,171127,cc-by-nc,https://static.inaturalist.org/sounds/171127.mp3?1615483365,audio/171127.mp3
71008958,1912252,10070,Fringilla coelebs,Common Chaffinch,171145,cc-by-nc,https://static.inaturalist.org/sounds/171145.wav?1615485857,audio/171145.wav
71142232,2967589,10070,Fringilla coelebs,Common Chaffinch,171908,cc-by-nc,https://static.inaturalist.org/sounds/171908.wav?1615656683,audio/171908.wav
71150037,1462872,10070,Fringilla coelebs,Common Chaffinch,171940,cc-by-nc,https://static.inaturalist.org/sounds/171940.mp3?1615662807,audio/171940.mp3
71208699,1209480,10070,Fringilla coelebs,Common Chaffinch,172186,cc-by-nc,https://static.inaturalist.org/sounds/172186.wav?1615725589,audio/172186.wav
71215197,1462872,10070,Fringilla coelebs,Common Chaffinch,172229,cc-by-nc,https://static.inaturalist.org/sounds/172229.mp3?1615732176,audio/172229.mp3
71226368,2533480,10070,Fringilla coelebs,Common Chaffinch,172289,cc-by,https://static.inaturalist.org/sounds/172289.mp3?1615741234,audio/172289.mp3
71238864,1409524,10070,Fringilla coelebs,Common Chaffinch,172436,cc-by-nc,https://static.inaturalist.org/sounds/172436.mp3?1615749862,audio/172436.mp3
71303888,1409524,10070,Fringilla coelebs,Common Chaffinch,172744,cc-by-nc,https://static.inaturalist.org/sounds/172744.mp3?1615821048,audio/172744.mp3
71370085,169070,10070,Fringilla coelebs,Common Chaffinch,173096,cc-by-nc,https://static.inaturalist.org/sounds/173096.m4a?1615914256,audio/173096.m4a
71374449,169070,10070,Fringilla coelebs,Common Chaffinch,173134,cc-by-nc,https://static.inaturalist.org/sounds/173134.m4a?1615919135,audio/173134.m4a
71473794,1101495,10070,Fringilla coelebs,Common Chaffinch,173684,cc-by-nc,https://static.inaturalist.org/sounds/173684.mp3?1616051862,audio/173684.mp3
71475899,2514204,10070,Fringilla coelebs,Common Chaffinch,173694,cc-by-nc,https://static.inaturalist.org/sounds/173694.m4a?1616057369,audio/173694.m4a
71482443,2514204,10070,Fringilla coelebs,Common Chaffinch,173760,cc-by-nc,https://static.inaturalist.org/sounds/173760.m4a?1616070981,audio/173760.m4a
71483320,2514204,10070,Fringilla coelebs,Common Chaffinch,173782,cc-by-nc,https://static.inaturalist.org/sounds/173782.m4a?1616072620,audio/173782.m4a
71483629,2514204,10070,Fringilla coelebs,Common Chaffinch,173785,cc-by-nc,https://static.inaturalist.org/sounds/173785.m4a?1616073103,audio/173785.m4a
71489213,169070,10070,Fringilla coelebs,Common Chaffinch,173813,cc-by-nc,https://static.inaturalist.org/sounds/173813.mp3?1616078475,audio/173813.mp3
71493730,169070,10070,Fringilla coelebs,Common Chaffinch,173861,cc-by-nc,https://static.inaturalist.org/sounds/173861.mp3?1616084745,audio/173861.mp3
71499686,169070,10070,Fringilla coelebs,Common Chaffinch,173897,cc-by-nc,https://static.inaturalist.org/sounds/173897.m4a?1616091358,audio/173897.m4a
71539967,2514204,10070,Fringilla coelebs,Common Chaffinch,174121,cc-by-nc,https://static.inaturalist.org/sounds/174121.m4a?1616144959,audio/174121.m4a
71540079,2514204,10070,Fringilla coelebs,Common Chaffinch,174125,cc-by-nc,https://static.inaturalist.org/sounds/174125.m4a?1616145306,audio/174125.m4a
71619917,169070,10070,Fringilla coelebs,Common Chaffinch,174494,cc-by-nc,https://static.inaturalist.org/sounds/174494.m4a?1616252592,audio/174494.m4a
71622037,184972,10070,Fringilla coelebs,Common Chaffinch,174508,cc-by-nc,https://static.inaturalist.org/sounds/174508.wav?1616254663,audio/174508.wav
71622039,184972,10070,Fringilla coelebs,Common Chaffinch,174510,cc-by-nc,https://static.inaturalist.org/sounds/174510.wav?1616254667,audio/174510.wav
71622040,184972,10070,Fringilla coelebs,Common Chaffinch,174509,cc-by-nc,https://static.inaturalist.org/sounds/174509.wav?1616254665,audio/174509.wav
71660473,1387615,10070,Fringilla coelebs,Common Chaffinch,173714,cc-by,https://static.inaturalist.org/sounds/173714.m4a?1616062089,audio/173714.m4a
71711247,4113620,10070,Fringilla coelebs,Common Chaffinch,174915,cc-by-nc,https://static.inaturalist.org/sounds/174915.wav?1616342022,audio/174915.wav
71892020,1938167,10070,Fringilla coelebs,Common Chaffinch,175928,cc-by-nc,https://static.inaturalist.org/sounds/175928.m4a?1616527220,audio/175928.m4a
71933958,1938167,10070,Fringilla coelebs,Common Chaffinch,176100,cc-by-nc,https://static.inaturalist.org/sounds/176100.mp3?1616566340,audio/176100.mp3
71933959,1938167,10070,Fringilla coelebs,Common Chaffinch,176101,cc-by-nc,https://static.inaturalist.org/sounds/176101.mp3?1616566351,audio/176101.mp3
71933960,1938167,10070,Fringilla coelebs,Common Chaffinch,176102,cc-by-nc,https://static.inaturalist.org/sounds/176102.mp3?1616566352,audio/176102.mp3
71954773,2256857,10070,Fringilla coelebs,Common Chaffinch,176280,cc-by,https://static.inaturalist.org/sounds/176280.mp3?1616602299,audio/176280.mp3
72027447,3292820,10070,Fringilla coelebs,Common Chaffinch,176732,cc-by-nc,https://static.inaturalist.org/sounds/176732.wav?1616692050,audio/176732.wav
72075142,2668778,10070,Fringilla coelebs,Common Chaffinch,177042,cc-by-nc,https://static.inaturalist.org/sounds/177042.mp3?1616745953,audio/177042.mp3
72148889,742957,10070,Fringilla coelebs,Common Chaffinch,177547,cc-by,https://static.inaturalist.org/sounds/177547.wav?1616831376,audio/177547.wav
72190209,776813,10070,Fringilla coelebs,Common Chaffinch,177793,cc-by-nc,https://static.inaturalist.org/sounds/177793.mp3?1616871112,audio/177793.mp3
72248050,4143319,10070,Fringilla coelebs,Common Chaffinch,178098,cc-by-nc,https://static.inaturalist.org/sounds/178098.wav?1616920803,audio/178098.wav
72248711,2717878,10070,Fringilla coelebs,Common Chaffinch,178110,cc-by-nc,https://static.inaturalist.org/sounds/178110.m4a?1616921912,audio/178110.m4a
72249853,3151399,10070,Fringilla coelebs,Common Chaffinch,178116,cc-by-nc,https://static.inaturalist.org/sounds/178116.wav?1616923596,audio/178116.wav
72267403,1972099,10070,Fringilla coelebs,Common Chaffinch,178238,cc-by-nc,https://static.inaturalist.org/sounds/178238.wav?1616941585,audio/178238.wav
72277167,3998010,10070,Fringilla coelebs,Common Chaffinch,178314,cc-by-nc,https://static.inaturalist.org/sounds/178314.mp3?1616948974,audio/178314.mp3
72349561,3348178,10070,Fringilla coelebs,Common Chaffinch,178665,cc-by-nc,https://static.inaturalist.org/sounds/178665.wav?1617009919,audio/178665.wav
72381922,721199,10070,Fringilla coelebs,Common Chaffinch,178929,cc-by-nc,https://static.inaturalist.org/sounds/178929.m4a?1617043352,audio/178929.m4a
72451126,2826522,10070,Fringilla coelebs,Common Chaffinch,179388,cc-by-nc,https://static.inaturalist.org/sounds/179388.m4a?1617120538,audio/179388.m4a
72475579,2826522,10070,Fringilla coelebs,Common Chaffinch,179516,cc-by-nc,https://static.inaturalist.org/sounds/179516.m4a?1617138245,audio/179516.m4a
72513635,1453678,10070,Fringilla coelebs,Common Chaffinch,179713,cc-by-nc,https://static.inaturalist.org/sounds/179713.mp3?1617183838,audio/179713.mp3
72513636,1453678,10070,Fringilla coelebs,Common Chaffinch,179726,cc-by-nc,https://static.inaturalist.org/sounds/179726.mp3?1617184941,audio/179726.mp3
72594813,3131589,10070,Fringilla coelebs,Common Chaffinch,180174,cc-by-nc,https://static.inaturalist.org/sounds/180174.wav?1617268026,audio/180174.wav
72621044,2945835,10070,Fringilla coelebs,Common Chaffinch,180323,cc-by-nc,https://static.inaturalist.org/sounds/180323.mp3?1617300126,audio/180323.mp3
72621140,2945835,10070,Fringilla coelebs,Common Chaffinch,180325,cc-by-nc,https://static.inaturalist.org/sounds/180325.mp3?1617300181,audio/180325.mp3
72626551,3998010,10070,Fringilla coelebs,Common Chaffinch,180356,cc-by-nc,https://static.inaturalist.org/sounds/180356.mp3?1617304752,audio/180356.mp3
72679719,3191925,10070,Fringilla coelebs,Common Chaffinch,180591,cc0,https://static.inaturalist.org/sounds/180591.wav?1617365132,audio/180591.wav
72774864,1462872,10070,Fringilla coelebs,Common Chaffinch,181044,cc-by-nc,https://static.inaturalist.org/sounds/181044.mp3?1617455471,audio/181044.mp3
72778412,3028032,10070,Fringilla coelebs,Common Chaffinch,181070,cc-by,https://static.inaturalist.org/sounds/181070.mp3?1617458865,audio/181070.mp3
72782396,545290,10070,Fringilla coelebs,Common Chaffinch,181091,cc-by-nc,https://static.inaturalist.org/sounds/181091.mp3?1617461637,audio/181091.mp3
72888495,1453678,10070,Fringilla coelebs,Common Chaffinch,181583,cc-by-nc,https://static.inaturalist.org/sounds/181583.mp3?1617543896,audio/181583.mp3
72931145,281244,10070,Fringilla coelebs,Common Chaffinch,181851,cc-by-nc,https://static.inaturalist.org/sounds/181851.mp3?1617566854,audio/181851.mp3
72986625,4146253,10070,Fringilla coelebs,Common Chaffinch,182131,cc-by-nc,https://static.inaturalist.org/sounds/182131.mp3?1617606524,audio/182131.mp3
72988187,2826522,10070,Fringilla coelebs,Common Chaffinch,182156,cc-by-nc,https://static.inaturalist.org/sounds/182156.m4a?1617608699,audio/182156.m4a
73022013,2496993,10070,Fringilla coelebs,Common Chaffinch,182397,cc-by,https://static.inaturalist.org/sounds/182397.wav?1617640165,audio/182397.wav
73035953,30631,10070,Fringilla coelebs,Common Chaffinch,182477,cc-by-nc,https://static.inaturalist.org/sounds/182477.m4a?1617648910,audio/182477.m4a
73082715,1033437,10070,Fringilla coelebs,Common Chaffinch,182688,cc-by-nc,https://static.inaturalist.org/sounds/182688.mp3?1617681305,audio/182688.mp3
73093658,3275506,10070,Fringilla coelebs,Common Chaffinch,182734,cc-by-nc,https://static.inaturalist.org/sounds/182734.wav?1617696657,audio/182734.wav
73138070,1917127,10070,Fringilla coelebs,Common Chaffinch,182989,cc-by-nc,https://static.inaturalist.org/sounds/182989.mp3?1617739628,audio/182989.mp3
73138074,1917127,10070,Fringilla coelebs,Common Chaffinch,182991,cc-by-nc,https://static.inaturalist.org/sounds/182991.mp3?1617739633,audio/182991.mp3
73198171,1453678,10070,Fringilla coelebs,Common Chaffinch,183769,cc-by-nc,https://static.inaturalist.org/sounds/183769.mp3?1617874247,audio/183769.mp3
73223198,2826522,10070,Fringilla coelebs,Common Chaffinch,183413,cc-by-nc,https://static.inaturalist.org/sounds/183413.m4a?1617823544,audio/183413.m4a
73224003,2826522,10070,Fringilla coelebs,Common Chaffinch,183414,cc-by-nc,https://static.inaturalist.org/sounds/183414.m4a?1617824123,audio/183414.m4a
73226989,2826522,10070,Fringilla coelebs,Common Chaffinch,183439,cc-by-nc,https://static.inaturalist.org/sounds/183439.m4a?1617826322,audio/183439.m4a
73229862,1387615,10070,Fringilla coelebs,Common Chaffinch,183456,cc-by,https://static.inaturalist.org/sounds/183456.m4a?1617827973,audio/183456.m4a
73229864,1387615,10070,Fringilla coelebs,Common Chaffinch,183457,cc-by,https://static.inaturalist.org/sounds/183457.m4a?1617827975,audio/183457.m4a
73281434,1574965,10070,Fringilla coelebs,Common Chaffinch,183740,cc-by,https://static.inaturalist.org/sounds/183740.m4a?1617867806,audio/183740.m4a
73284893,1453678,10070,Fringilla coelebs,Common Chaffinch,183765,cc-by-nc,https://static.inaturalist.org/sounds/183765.mp3?1617874053,audio/183765.mp3
73286274,4157773,10070,Fringilla coelebs,Common Chaffinch,183795,cc-by-nc,https://static.inaturalist.org/sounds/183795.wav?1617876111,audio/183795.wav
73323806,3926005,10070,Fringilla coelebs,Common Chaffinch,183983,cc-by-nc,https://static.inaturalist.org/sounds/183983.m4a?1617908769,audio/183983.m4a
73391167,1370558,10070,Fringilla coelebs,Common Chaffinch,184391,cc-by-nc,https://static.inaturalist.org/sounds/184391.wav?1617979671,audio/184391.wav
73391170,1370558,10070,Fringilla coelebs,Common Chaffinch,184392,cc-by-nc,https://static.inaturalist.org/sounds/184392.wav?1617979673,audio/184392.wav
73391171,1370558,10070,Fringilla coelebs,Common Chaffinch,184393,cc-by-nc,https://static.inaturalist.org/sounds/184393.wav?1617979675,audio/184393.wav
73474284,1409524,10070,Fringilla coelebs,Common Chaffinch,185008,cc-by-nc,https://static.inaturalist.org/sounds/185008.mp3?1618048871,audio/185008.mp3
73520198,1733746,10070,Fringilla coelebs,Common Chaffinch,185250,cc-by-nc,https://static.inaturalist.org/sounds/185250.mp3?1618078926,audio/185250.mp3
73520617,1733746,10070,Fringilla coelebs,Common Chaffinch,185264,cc-by-nc,https://static.inaturalist.org/sounds/185264.mp3?1618079941,audio/185264.mp3
73520623,1733746,10070,Fringilla coelebs,Common Chaffinch,185264,cc-by-nc,https://static.inaturalist.org/sounds/185264.mp3?1618079941,audio/185264.mp3
73586240,3433747,10070,Fringilla coelebs,Common Chaffinch,185614,cc-by-nc,https://static.inaturalist.org/sounds/185614.m4a?1618117845,audio/185614.m4a
73596820,2496993,10070,Fringilla coelebs,Common Chaffinch,185658,cc-by,https://static.inaturalist.org/sounds/185658.wav?1618133199,audio/185658.wav
73603050,3278715,10070,Fringilla coelebs,Common Chaffinch,185716,cc-by-nc,https://static.inaturalist.org/sounds/185716.mp3?1618140465,audio/185716.mp3
73605942,1832257,10070,Fringilla coelebs,Common Chaffinch,185735,cc-by-nc,https://static.inaturalist.org/sounds/185735.wav?1618143413,audio/185735.wav
73621001,2840555,10070,Fringilla coelebs,Common Chaffinch,185837,cc0,https://static.inaturalist.org/sounds/185837.mp3?1618153319,audio/185837.mp3
73626178,1733746,10070,Fringilla coelebs,Common Chaffinch,185866,cc-by-nc,https://static.inaturalist.org/sounds/185866.mp3?1618155961,audio/185866.mp3
73640057,1462872,10070,Fringilla coelebs,Common Chaffinch,185953,cc-by-nc,https://static.inaturalist.org/sounds/185953.mp3?1618162577,audio/185953.mp3
73656152,3860603,10070,Fringilla coelebs,Common Chaffinch,186045,cc-by-nc,https://static.inaturalist.org/sounds/186045.m4a?1618170180,audio/186045.m4a
73661862,840257,10070,Fringilla coelebs,Common Chaffinch,185994,cc-by-nc,https://static.inaturalist.org/sounds/185994.mp3?1618165491,audio/185994.mp3
73725662,4142914,10070,Fringilla coelebs,Common Chaffinch,186313,cc-by-nc,https://static.inaturalist.org/sounds/186313.wav?1618216933,audio/186313.wav
73729445,3028032,10070,Fringilla coelebs,Common Chaffinch,186337,cc-by,https://static.inaturalist.org/sounds/186337.mp3?1618222505,audio/186337.mp3
73731371,3028032,10070,Fringilla coelebs,Common Chaffinch,186349,cc-by,https://static.inaturalist.org/sounds/186349.mp3?1618225279,audio/186349.mp3
73736427,3846480,10070,Fringilla coelebs,Common Chaffinch,186385,cc-by-nc,https://static.inaturalist.org/sounds/186385.mp3?1618231734,audio/186385.mp3
73745788,3746511,10070,Fringilla coelebs,Common Chaffinch,186436,cc-by-nc,https://static.inaturalist.org/sounds/186436.m4a?1618239833,audio/186436.m4a
73758640,2496993,10070,Fringilla coelebs,Common Chaffinch,186523,cc-by,https://static.inaturalist.org/sounds/186523.wav?1618248159,audio/186523.wav
73762709,3209780,10070,Fringilla coelebs,Common Chaffinch,186543,cc-by-nc,https://static.inaturalist.org/sounds/186543.mp3?1618250598,audio/186543.mp3
73775193,1033437,10070,Fringilla coelebs,Common Chaffinch,186609,cc-by-nc,https://static.inaturalist.org/sounds/186609.mp3?1618259658,audio/186609.mp3
73775195,1033437,10070,Fringilla coelebs,Common Chaffinch,186607,cc-by-nc,https://static.inaturalist.org/sounds/186607.mp3?1618259574,audio/186607.mp3
73828373,1574965,10070,Fringilla coelebs,Common Chaffinch,186939,cc-by,https://static.inaturalist.org/sounds/186939.m4a?1618306905,audio/186939.m4a
73829735,2984959,10070,Fringilla coelebs,Common Chaffinch,186950,cc-by-nc,https://static.inaturalist.org/sounds/186950.wav?1618309754,audio/186950.wav
73842936,3278715,10070,Fringilla coelebs,Common Chaffinch,187071,cc-by-nc,https://static.inaturalist.org/sounds/187071.mp3?1618324551,audio/187071.mp3
73843418,1431497,10070,Fringilla coelebs,Common Chaffinch,187074,cc-by-nc,https://static.inaturalist.org/sounds/187074.mp3?1618324699,audio/187074.mp3
73879741,83785,10070,Fringilla coelebs,Common Chaffinch,187278,cc0,https://static.inaturalist.org/sounds/187278.m4a?1618348271,audio/187278.m4a
73916984,2256857,10070,Fringilla coelebs,Common Chaffinch,187494,cc-by,https://static.inaturalist.org/sounds/187494.m4a?1618376611,audio/187494.m4a
73927026,4196363,10070,Fringilla coelebs,Common Chaffinch,187543,cc-by-nc,https://static.inaturalist.org/sounds/187543.m4a?1618395118,audio/187543.m4a
73927908,3144685,10070,Fringilla coelebs,Common Chaffinch,187552,cc-by-nc,https://static.inaturalist.org/sounds/187552.m4a?1618396493,audio/187552.m4a
73971772,1917127,10070,Fringilla coelebs,Common Chaffinch,187824,cc-by-nc,https://static.inaturalist.org/sounds/187824.mp3?1618429366,audio/187824.mp3
74022877,4157773,10070,Fringilla coelebs,Common Chaffinch,188033,cc-by-nc,https://static.inaturalist.org/sounds/188033.m4a?1618471974,audio/188033.m4a
74032734,614374,10070,Fringilla coelebs,Common Chaffinch,188084,cc-by-nc,https://static.inaturalist.org/sounds/188084.m4a?1618487510,audio/188084.m4a
74043508,1481279,10070,Fringilla coelebs,Common Chaffinch,188168,cc-by,https://static.inaturalist.org/sounds/188168.wav?1618497138,audio/188168.wav
74054850,2922090,10070,Fringilla coelebs,Common Chaffinch,188204,cc-by-nc,https://static.inaturalist.org/sounds/188204.wav?1618504464,audio/188204.wav
74062622,1409524,10070,Fringilla coelebs,Common Chaffinch,188261,cc-by-nc,https://static.inaturalist.org/sounds/188261.mp3?1618510172,audio/188261.mp3
74070937,721199,10070,Fringilla coelebs,Common Chaffinch,188316,cc-by-nc,https://static.inaturalist.org/sounds/188316.m4a?1618515616,audio/188316.m4a
74115292,4168267,10070,Fringilla coelebs,Common Chaffinch,188508,cc-by-nc,https://static.inaturalist.org/sounds/188508.m4a?1618551503,audio/188508.m4a
74130115,2989463,10070,Fringilla coelebs,Common Chaffinch,188594,cc-by,https://static.inaturalist.org/sounds/188594.wav?1618573745,audio/188594.wav
74132486,1409524,10070,Fringilla coelebs,Common Chaffinch,188611,cc-by-nc,https://static.inaturalist.org/sounds/188611.mp3?1618576008,audio/188611.mp3
74242216,4230075,10070,Fringilla coelebs,Common Chaffinch,189297,cc-by-nc,https://static.inaturalist.org/sounds/189297.m4a?1618671941,audio/189297.m4a
74258940,1733746,10070,Fringilla coelebs,Common Chaffinch,189401,cc-by-nc,https://static.inaturalist.org/sounds/189401.mp3?1618679328,audio/189401.mp3
74264446,1733746,10070,Fringilla coelebs,Common Chaffinch,189446,cc-by-nc,https://static.inaturalist.org/sounds/189446.mp3?1618682046,audio/189446.mp3
74275695,1033437,10070,Fringilla coelebs,Common Chaffinch,189499,cc-by-nc,https://static.inaturalist.org/sounds/189499.mp3?1618687039,audio/189499.mp3
74275710,1033437,10070,Fringilla coelebs,Common Chaffinch,189504,cc-by-nc,https://static.inaturalist.org/sounds/189504.mp3?1618687310,audio/189504.mp3
74349216,2527017,10070,Fringilla coelebs,Common Chaffinch,189936,cc-by-nc,https://static.inaturalist.org/sounds/189936.m4a?1618737853,audio/189936.m4a
74352159,1118170,10070,Fringilla coelebs,Common Chaffinch,189961,cc-by-nc,https://static.inaturalist.org/sounds/189961.m4a?1618741077,audio/189961.m4a
74361470,3151399,10070,Fringilla coelebs,Common Chaffinch,190039,cc-by-nc,https://static.inaturalist.org/sounds/190039.wav?1618749919,audio/190039.wav
74366084,1574965,10070,Fringilla coelebs,Common Chaffinch,190066,cc-by,https://static.inaturalist.org/sounds/190066.mp3?1618752663,audio/190066.mp3
74493947,3103236,10070,Fringilla coelebs,Common Chaffinch,190748,cc-by,https://static.inaturalist.org/sounds/190748.mpga?1618816308,audio/190748.mpga
74508542,2920676,10070,Fringilla coelebs,Common Chaffinch,190846,cc-by-nc,https://static.inaturalist.org/sounds/190846.m4a?1618836602,audio/190846.m4a
74532219,1610962,10070,Fringilla coelebs,Common Chaffinch,191040,cc0,https://static.inaturalist.org/sounds/191040.wav?1618851803,audio/191040.wav
74533336,2970556,10070,Fringilla coelebs,Common Chaffinch,191047,cc-by-nc,https://static.inaturalist.org/sounds/191047.m4a?1618852436,audio/191047.m4a
74534734,169070,10070,Fringilla coelebs,Common Chaffinch,191063,cc-by-nc,https://static.inaturalist.org/sounds/191063.m4a?1618853170,audio/191063.m4a
74552772,1033437,10070,Fringilla coelebs,Common Chaffinch,191178,cc-by-nc,https://static.inaturalist.org/sounds/191178.mp3?1618862583,audio/191178.mp3
74620608,169070,10070,Fringilla coelebs,Common Chaffinch,191553,cc-by-nc,https://static.inaturalist.org/sounds/191553.m4a?1618920268,audio/191553.m4a
74645602,169070,10070,Fringilla coelebs,Common Chaffinch,191682,cc-by-nc,https://static.inaturalist.org/sounds/191682.m4a?1618936630,audio/191682.m4a
74717776,169070,10070,Fringilla coelebs,Common Chaffinch,192067,cc-by-nc,https://static.inaturalist.org/sounds/192067.m4a?1618992295,audio/192067.m4a
74730829,2274057,10070,Fringilla coelebs,Common Chaffinch,192203,cc-by-nc,https://static.inaturalist.org/sounds/192203.wav?1619011238,audio/192203.wav
74741537,3301501,10070,Fringilla coelebs,Common Chaffinch,192252,cc-by,https://static.inaturalist.org/sounds/192252.mp3?1619019155,audio/192252.mp3
74741540,3301501,10070,Fringilla coelebs,Common Chaffinch,192253,cc-by,https://static.inaturalist.org/sounds/192253.mp3?1619019162,audio/192253.mp3
74745776,169070,10070,Fringilla coelebs,Common Chaffinch,192281,cc-by-nc,https://static.inaturalist.org/sounds/192281.m4a?1619022031,audio/192281.m4a
74745958,169070,10070,Fringilla coelebs,Common Chaffinch,192283,cc-by-nc,https://static.inaturalist.org/sounds/192283.m4a?1619022139,audio/192283.m4a
74760474,3096934,10070,Fringilla coelebs,Common Chaffinch,192363,cc-by-nc,https://static.inaturalist.org/sounds/192363.m4a?1619031794,audio/192363.m4a
74766025,1409524,10070,Fringilla coelebs,Common Chaffinch,192391,cc-by-nc,https://static.inaturalist.org/sounds/192391.mp3?1619035313,audio/192391.mp3
74766148,1409524,10070,Fringilla coelebs,Common Chaffinch,192394,cc-by-nc,https://static.inaturalist.org/sounds/192394.mp3?1619035391,audio/192394.mp3
74815656,169070,10070,Fringilla coelebs,Common Chaffinch,192554,cc-by-nc,https://static.inaturalist.org/sounds/192554.m4a?1619077490,audio/192554.m4a
74819837,169070,10070,Fringilla coelebs,Common Chaffinch,192577,cc-by-nc,https://static.inaturalist.org/sounds/192577.m4a?1619084207,audio/192577.m4a
74821407,1371278,10070,Fringilla coelebs,Common Chaffinch,192585,cc-by-nc,https://static.inaturalist.org/sounds/192585.m4a?1619086226,audio/192585.m4a
74822597,169070,10070,Fringilla coelebs,Common Chaffinch,192600,cc-by-nc,https://static.inaturalist.org/sounds/192600.m4a?1619088188,audio/192600.m4a
74862470,3223528,10070,Fringilla coelebs,Common Chaffinch,192882,cc-by-nc,https://static.inaturalist.org/sounds/192882.wav?1619117751,audio/192882.wav
74882170,1387615,10070,Fringilla coelebs,Common Chaffinch,192958,cc-by,https://static.inaturalist.org/sounds/192958.m4a?1619129588,audio/192958.m4a
74913334,3998010,10070,Fringilla coelebs,Common Chaffinch,193139,cc-by-nc,https://static.inaturalist.org/sounds/193139.mp3?1619168012,audio/193139.mp3
74913424,3998010,10070,Fringilla coelebs,Common Chaffinch,193141,cc-by-nc,https://static.inaturalist.org/sounds/193141.mp3?1619168084,audio/193141.mp3
74927020,1980877,10070,Fringilla coelebs,Common Chaffinch,193299,cc-by,https://static.inaturalist.org/sounds/193299.m4a?1619185183,audio/193299.m4a
75019209,169070,10070,Fringilla coelebs,Common Chaffinch,193873,cc-by-nc,https://static.inaturalist.org/sounds/193873.m4a?1619256837,audio/193873.m4a
75019738,169070,10070,Fringilla coelebs,Common Chaffinch,193881,cc-by-nc,https://static.inaturalist.org/sounds/193881.m4a?1619257621,audio/193881.m4a
75020953,169070,10070,Fringilla coelebs,Common Chaffinch,193904,cc-by-nc,https://static.inaturalist.org/sounds/193904.m4a?1619259237,audio/193904.m4a
75020994,169070,10070,Fringilla coelebs,Common Chaffinch,193905,cc-by-nc,https://static.inaturalist.org/sounds/193905.m4a?1619259300,audio/193905.m4a
75028619,169070,10070,Fringilla coelebs,Common Chaffinch,193983,cc-by-nc,https://static.inaturalist.org/sounds/193983.m4a?1619267937,audio/193983.m4a
75041735,1370558,10070,Fringilla coelebs,Common Chaffinch,193996,cc-by-nc,https://static.inaturalist.org/sounds/193996.wav?1619269644,audio/193996.wav
75052976,4259454,10070,Fringilla coelebs,Common Chaffinch,194154,cc-by-nc,https://static.inaturalist.org/sounds/194154.m4a?1619281732,audio/194154.m4a
75067343,4162377,10070,Fringilla coelebs,Common Chaffinch,194236,cc-by-nc,https://static.inaturalist.org/sounds/194236.m4a?1619287838,audio/194236.m4a
75134349,2945835,10070,Fringilla coelebs,Common Chaffinch,194592,cc-by-nc,https://static.inaturalist.org/sounds/194592.mp3?1619321810,audio/194592.mp3
75146503,169070,10070,Fringilla coelebs,Common Chaffinch,194646,cc-by-nc,https://static.inaturalist.org/sounds/194646.m4a?1619335097,audio/194646.m4a
75154531,3054367,10070,Fringilla coelebs,Common Chaffinch,194692,cc-by-nc,https://static.inaturalist.org/sounds/194692.m4a?1619344676,audio/194692.m4a
75156449,864622,10070,Fringilla coelebs,Common Chaffinch,194708,cc-by-nc,https://static.inaturalist.org/sounds/194708.m4a?1619346957,audio/194708.m4a
75169369,4184394,10070,Fringilla coelebs,Common Chaffinch,194803,cc-by-nc,https://static.inaturalist.org/sounds/194803.m4a?1619358134,audio/194803.m4a
75216761,2429486,10070,Fringilla coelebs,Common Chaffinch,195128,cc-by,https://static.inaturalist.org/sounds/195128.m4a?1619379148,audio/195128.m4a
75223053,3816029,10070,Fringilla coelebs,Common Chaffinch,195152,cc-by-nc,https://static.inaturalist.org/sounds/195152.m4a?1619381440,audio/195152.m4a
75225677,1917127,10070,Fringilla coelebs,Common Chaffinch,195153,cc-by-nc,https://static.inaturalist.org/sounds/195153.mp3?1619381883,audio/195153.mp3
75303945,1543321,10070,Fringilla coelebs,Common Chaffinch,195680,cc-by-nc,https://static.inaturalist.org/sounds/195680.m4a?1619440720,audio/195680.m4a
75305690,4288269,10070,Fringilla coelebs,Common Chaffinch,195690,cc-by-nc,https://static.inaturalist.org/sounds/195690.m4a?1619442156,audio/195690.m4a
75322169,169070,10070,Fringilla coelebs,Common Chaffinch,195812,cc-by-nc,https://static.inaturalist.org/sounds/195812.m4a?1619453336,audio/195812.m4a
75322417,169070,10070,Fringilla coelebs,Common Chaffinch,195815,cc-by-nc,https://static.inaturalist.org/sounds/195815.m4a?1619453454,audio/195815.m4a
75340099,1409524,10070,Fringilla coelebs,Common Chaffinch,195958,cc-by-nc,https://static.inaturalist.org/sounds/195958.mp3?1619463288,audio/195958.mp3
75340293,1409524,10070,Fringilla coelebs,Common Chaffinch,195958,cc-by-nc,https://static.inaturalist.org/sounds/195958.mp3?1619463288,audio/195958.mp3
75406529,3643504,10070,Fringilla coelebs,Common Chaffinch,196422,cc0,https://static.inaturalist.org/sounds/196422.mp3?1619511311,audio/196422.mp3
75409040,3888451,10070,Fringilla coelebs,Common Chaffinch,196443,cc-by-nc,https://static.inaturalist.org/sounds/196443.m4a?1619514999,audio/196443.m4a
75409271,1949964,10070,Fringilla coelebs,Common Chaffinch,196445,cc-by-nc,https://static.inaturalist.org/sounds/196445.m4a?1619515238,audio/196445.m4a
75417848,169070,10070,Fringilla coelebs,Common Chaffinch,196508,cc-by-nc,https://static.inaturalist.org/sounds/196508.m4a?1619526549,audio/196508.m4a
75418425,169070,10070,Fringilla coelebs,Common Chaffinch,196511,cc-by-nc,https://static.inaturalist.org/sounds/196511.m4a?1619527187,audio/196511.m4a
75435574,4288269,10070,Fringilla coelebs,Common Chaffinch,196647,cc-by-nc,https://static.inaturalist.org/sounds/196647.m4a?1619538956,audio/196647.m4a
75516434,3566108,10070,Fringilla coelebs,Common Chaffinch,197135,cc-by-nc,https://static.inaturalist.org/sounds/197135.m4a?1619588968,audio/197135.m4a
75518484,4223625,10070,Fringilla coelebs,Common Chaffinch,197142,cc-by-nc,https://static.inaturalist.org/sounds/197142.m4a?1619592164,audio/197142.m4a
75521673,1744563,10070,Fringilla coelebs,Common Chaffinch,197181,cc-by,https://static.inaturalist.org/sounds/197181.m4a?1619598671,audio/197181.m4a
75554415,4252812,10070,Fringilla coelebs,Common Chaffinch,197401,cc-by-nc,https://static.inaturalist.org/sounds/197401.m4a?1619627745,audio/197401.m4a
75631769,1460984,10070,Fringilla coelebs,Common Chaffinch,197897,cc-by-nc,https://static.inaturalist.org/sounds/197897.m4a?1619680277,audio/197897.m4a
75637475,4303283,10070,Fringilla coelebs,Common Chaffinch,197935,cc-by-nc,https://static.inaturalist.org/sounds/197935.m4a?1619688273,audio/197935.m4a
75640260,464262,10070,Fringilla coelebs,Common Chaffinch,197971,cc0,https://static.inaturalist.org/sounds/197971.mp3?1619692133,audio/197971.mp3
75642949,169070,10070,Fringilla coelebs,Common Chaffinch,198038,cc-by-nc,https://static.inaturalist.org/sounds/198038.m4a?1619695557,audio/198038.m4a
75643244,4171672,10070,Fringilla coelebs,Common Chaffinch,198041,cc-by-nc,https://static.inaturalist.org/sounds/198041.mp3?1619696009,audio/198041.mp3
